id,first_name,last_name,email,event,phone,study_year,education_status,education_id
1,Huberto,Moxon,hmoxon0@is.gd,conference,7-(474)351-1015,2,master,2
2,Dorisa,Jope,djope1@amazonaws.com,conference,357-(157)662-7510,3,student,3
3,Bernie,Ekins,bekins2@telegraph.co.uk,practice,62-(995)921-8492,4,graduate,1
4,Vida,Richens,vrichens3@si.edu,conference,62-(537)401-7804,5,student,2
5,Amelia,Whitten,awhitten4@mtv.com,internship,86-(852)525-7402,1,graduate,3
6,Puff,Tapper,ptapper5@tiny.cc,internship,234-(447)239-5754,2,graduate,1
7,Cris,Vigers,cvigers6@yahoo.co.jp,internship,62-(817)451-0295,3,master,2
8,Madelin,Woodley,mwoodley7@weibo.com,practice,48-(819)925-4752,4,master,3
9,Jeralee,Eakly,jeakly8@bandcamp.com,conference,62-(252)624-6880,5,freelancer,1
10,Andy,Bickle,abickle9@vistaprint.com,conference,1-(706)857-5869,1,graduate,2
11,Anne-marie,Mounsey,amounseya@tinyurl.com,internship,62-(217)309-3574,2,freelancer,3
12,Wren,Emblin,wemblinb@washingtonpost.com,conference,33-(105)716-7882,3,graduate,1
13,Audrey,Hindmore,ahindmorec@freewebs.com,practice,62-(682)731-4182,4,freelancer,2
14,Judi,Colling,jcollingd@123-reg.co.uk,conference,504-(871)564-5610,5,graduate,3
15,Marjory,Dunning,mdunninge@chicagotribune.com,internship,62-(616)408-5877,1,freelancer,1
16,Lavena,Stelli,lstellif@wikispaces.com,conference,52-(859)536-0451,2,freelancer,2
17,Charleen,Greatex,cgreatexg@lulu.com,conference,86-(680)647-3265,3,graduate,3
18,Helenelizabeth,Gatecliff,hgatecliffh@time.com,practice,255-(199)904-3265,4,freelancer,1
19,Ag,Simison,asimisoni@shutterfly.com,internship,86-(559)668-2899,5,master,2
20,Sydney,Parslow,sparslowj@un.org,practice,86-(773)109-8876,1,graduate,3
21,Anjela,Scaife,ascaifek@abc.net.au,conference,380-(462)246-7002,2,master,1
22,Edith,Pfeuffer,epfeufferl@dell.com,conference,86-(179)615-0877,3,master,2
23,Mureil,Eannetta,meannettam@apple.com,conference,62-(321)961-6705,4,graduate,3
24,Hatty,Ferrino,hferrinon@friendfeed.com,practice,380-(686)196-7088,5,student,1
25,Ernest,Doni,edonio@51.la,practice,62-(645)516-4249,1,master,2
26,Joan,Baldini,jbaldinip@soup.io,internship,55-(390)483-7960,2,graduate,3
27,Janifer,MacPike,jmacpikeq@dyndns.org,practice,49-(104)903-3070,3,student,1
28,Baudoin,Bassett,bbassettr@smugmug.com,conference,1-(455)935-1192,4,freelancer,2
29,Jackson,Haibel,jhaibels@domainmarket.com,practice,48-(186)902-2296,5,student,3
30,Virgie,Trunchion,vtrunchiont@geocities.com,internship,963-(990)843-7908,1,freelancer,1
31,Ardelis,Symones,asymonesu@wordpress.com,practice,232-(683)694-1933,2,freelancer,2
32,Ozzy,Ruprechter,oruprechterv@youtube.com,conference,62-(120)226-5656,3,student,3
33,Aggy,Eisikovitsh,aeisikovitshw@homestead.com,internship,420-(876)680-4944,4,student,1
34,Vito,Charleston,vcharlestonx@skyrock.com,conference,995-(539)836-6356,5,graduate,2
35,Averil,Scaice,ascaicey@springer.com,internship,57-(358)357-8148,1,student,3
36,Ava,Candlish,acandlishz@friendfeed.com,conference,86-(188)765-8472,2,student,1
37,Nealson,Jacox,njacox10@va.gov,internship,358-(317)654-2426,3,master,2
38,Tallulah,Simoneschi,tsimoneschi11@mozilla.com,internship,7-(269)726-2474,4,graduate,3
39,Brianne,Crat,bcrat12@unicef.org,conference,86-(531)585-8304,5,student,1
40,Lonnie,McKernon,lmckernon13@shareasale.com,practice,86-(580)694-5570,1,graduate,2
41,Kendall,Frith,kfrith14@e-recht24.de,internship,385-(308)619-3644,2,master,3
42,Janela,Sharpley,jsharpley15@google.de,conference,216-(349)628-6663,3,graduate,1
43,Dorie,Ballendine,dballendine16@state.tx.us,conference,233-(265)234-9734,4,graduate,2
44,Silvain,Bellis,sbellis17@indiatimes.com,internship,371-(214)464-4694,5,master,3
45,Dena,Kadwallider,dkadwallider18@amazonaws.com,internship,216-(508)891-6394,1,freelancer,1
46,Dame,Prise,dprise19@mtv.com,practice,62-(632)161-7146,2,freelancer,2
47,Devon,Woltman,dwoltman1a@wunderground.com,conference,234-(244)608-3805,3,freelancer,3
48,Lilla,Hawkswood,lhawkswood1b@desdev.cn,internship,48-(380)718-5424,4,graduate,1
49,Kristopher,Sooper,ksooper1c@lulu.com,practice,57-(167)409-7680,5,master,2
50,Vaughan,Huniwall,vhuniwall1d@plala.or.jp,practice,62-(215)199-2364,1,master,3
51,Cassy,Larby,clarby1e@state.tx.us,internship,86-(215)427-4053,2,graduate,1
52,Pegeen,Keele,pkeele1f@merriam-webster.com,internship,232-(588)822-6940,3,master,2
53,Aindrea,Baudinet,abaudinet1g@npr.org,conference,7-(735)163-8665,4,master,3
54,Simon,Brealey,sbrealey1h@dailymail.co.uk,internship,30-(325)839-4912,5,master,1
55,Phoebe,Gebbie,pgebbie1i@sina.com.cn,conference,420-(525)276-2255,1,freelancer,2
56,Lucila,Scibsey,lscibsey1j@buzzfeed.com,internship,225-(497)496-3916,2,graduate,3
57,Opalina,Vinnick,ovinnick1k@prweb.com,conference,255-(655)323-1410,3,graduate,1
58,Melisse,Mauchline,mmauchline1l@biglobe.ne.jp,practice,507-(549)282-7982,4,student,2
59,Gan,Gutridge,ggutridge1m@cisco.com,practice,420-(116)828-4249,5,master,3
60,Regan,Yewdall,ryewdall1n@ed.gov,practice,358-(617)565-3384,1,freelancer,1
61,Myrtice,Pavluk,mpavluk1o@yellowpages.com,internship,420-(327)277-7191,2,student,2
62,Jere,Yoell,jyoell1p@nbcnews.com,conference,63-(538)937-6759,3,graduate,3
63,Rickey,Atthow,ratthow1q@walmart.com,internship,1-(405)435-9967,4,master,1
64,Nahum,Acres,nacres1r@freewebs.com,practice,92-(835)828-1199,5,student,2
65,Reinold,Pogosian,rpogosian1s@tmall.com,conference,86-(974)941-3583,1,master,3
66,Alethea,Klimentyev,aklimentyev1t@bandcamp.com,practice,86-(119)195-6805,2,student,1
67,Odella,Arrington,oarrington1u@nymag.com,practice,86-(940)755-4889,3,graduate,2
68,Fairfax,Andrault,fandrault1v@usda.gov,conference,46-(240)856-2774,4,freelancer,3
69,Danit,Kas,dkas1w@nih.gov,practice,86-(489)994-9656,5,graduate,1
70,Jemimah,Bodiam,jbodiam1x@tinypic.com,internship,351-(781)183-6969,1,graduate,2
71,Bayard,Bambra,bbambra1y@who.int,conference,86-(575)442-3464,2,student,3
72,Jess,Snelson,jsnelson1z@foxnews.com,internship,976-(248)455-4728,3,master,1
73,Florella,Schild,fschild20@icq.com,conference,84-(460)599-0949,4,graduate,2
74,Rozina,Blundel,rblundel21@gnu.org,internship,57-(449)637-7713,5,student,3
75,Maryellen,Asher,masher22@blogger.com,practice,357-(941)359-2890,1,master,1
76,Nicolle,Medley,nmedley23@ucsd.edu,conference,7-(801)413-7982,2,graduate,2
77,Calla,Lamberto,clamberto24@comcast.net,practice,27-(909)446-8237,3,student,3
78,Ranice,Bickerstasse,rbickerstasse25@hc360.com,internship,98-(494)566-3120,4,student,1
79,Ericka,Josefer,ejosefer26@ezinearticles.com,practice,84-(133)783-3459,5,student,2
80,Christophorus,Ludgrove,cludgrove27@facebook.com,conference,86-(890)992-3688,1,freelancer,3
81,Yehudit,Willowby,ywillowby28@nifty.com,conference,7-(803)297-2309,2,student,1
82,Jedd,Murkitt,jmurkitt29@cbc.ca,conference,685-(964)707-9933,3,graduate,2
83,Dode,Raisbeck,draisbeck2a@sakura.ne.jp,conference,30-(841)504-3541,4,graduate,3
84,Ned,Emmot,nemmot2b@cdbaby.com,conference,7-(131)604-7401,5,graduate,1
85,Maxi,Harcourt,mharcourt2c@instagram.com,conference,54-(196)784-4351,1,freelancer,2
86,Drud,Hansom,dhansom2d@noaa.gov,conference,351-(810)465-7523,2,student,3
87,Lucilia,Trassler,ltrassler2e@unc.edu,conference,20-(323)900-3899,3,student,1
88,Raine,Tite,rtite2f@xrea.com,conference,381-(731)220-6513,4,freelancer,2
89,Ross,Braz,rbraz2g@angelfire.com,internship,62-(217)505-4178,5,master,3
90,Nelle,Hagergham,nhagergham2h@accuweather.com,practice,372-(772)793-9594,1,freelancer,1
91,Ambrosius,Joannet,ajoannet2i@dailymail.co.uk,internship,86-(237)500-3485,2,freelancer,2
92,Inger,Hurst,ihurst2j@sciencedirect.com,internship,86-(294)243-0703,3,freelancer,3
93,Shanon,Govier,sgovier2k@nsw.gov.au,conference,261-(703)323-9849,4,student,1
94,Una,Stops,ustops2l@xinhuanet.com,practice,62-(826)845-1476,5,master,2
95,Halley,Flatley,hflatley2m@networkadvertising.org,internship,63-(732)151-9761,1,freelancer,3
96,Farly,Killick,fkillick2n@blogspot.com,conference,62-(517)208-4975,2,graduate,1
97,Cami,Henner,chenner2o@hao123.com,internship,7-(817)724-3490,3,freelancer,2
98,Elli,Spriggin,espriggin2p@feedburner.com,conference,86-(968)186-7011,4,graduate,3
99,Wolfy,Thring,wthring2q@netscape.com,internship,86-(615)888-1619,5,freelancer,1
100,Rafaelia,Rallings,rrallings2r@tinypic.com,conference,359-(392)463-4229,1,graduate,2
101,Halie,Sawtell,hsawtell2s@etsy.com,practice,998-(493)880-7659,2,master,3
102,Godart,Trusdale,gtrusdale2t@sina.com.cn,internship,255-(873)783-0453,3,freelancer,1
103,Mitchael,Secret,msecret2u@posterous.com,practice,62-(807)135-5524,4,graduate,2
104,Kris,Ditty,kditty2v@alibaba.com,conference,7-(372)204-8805,5,freelancer,3
105,Beau,Kaminski,bkaminski2w@ning.com,conference,62-(973)319-5947,1,student,1
106,Talbot,Sabates,tsabates2x@eepurl.com,internship,86-(885)430-0290,2,freelancer,2
107,Kayne,Hesey,khesey2y@sakura.ne.jp,conference,593-(294)901-5381,3,student,3
108,Ivy,Stairmand,istairmand2z@whitehouse.gov,conference,502-(884)448-8642,4,student,1
109,Glori,Bonnyson,gbonnyson30@free.fr,practice,45-(853)970-7501,5,student,2
110,Richie,Adrian,radrian31@psu.edu,conference,81-(482)378-6171,1,student,3
111,Rabbi,Kaasmann,rkaasmann32@theatlantic.com,conference,86-(704)540-9210,2,master,1
112,Chase,Glasscott,cglasscott33@posterous.com,internship,62-(798)477-9233,3,freelancer,2
113,Wolfgang,Manntschke,wmanntschke34@meetup.com,conference,86-(340)508-5941,4,graduate,3
114,Nikkie,Spindler,nspindler35@jiathis.com,conference,62-(207)102-4540,5,freelancer,1
115,Blake,Reaveley,breaveley36@nature.com,practice,63-(915)316-9356,1,freelancer,2
116,Wilhelmina,Couper,wcouper37@youtu.be,internship,62-(920)831-1111,2,master,3
117,Maribelle,Raincin,mraincin38@webnode.com,conference,7-(100)347-5865,3,freelancer,1
118,Berti,Lyte,blyte39@imgur.com,conference,63-(716)693-1013,4,freelancer,2
119,Elaine,Walas,ewalas3a@deviantart.com,internship,63-(453)275-8408,5,freelancer,3
120,Rozanne,Bourbon,rbourbon3b@ucoz.com,conference,66-(236)556-9077,1,freelancer,1
121,Howey,Webley,hwebley3c@feedburner.com,conference,86-(616)467-4205,2,graduate,2
122,Brock,McCaskell,bmccaskell3d@about.com,practice,30-(833)157-1684,3,graduate,3
123,Dixie,Pilbury,dpilbury3e@fotki.com,internship,63-(273)917-6267,4,master,1
124,Kerry,Turrell,kturrell3f@youtube.com,practice,1-(941)675-6095,5,graduate,2
125,Wolfgang,Oganesian,woganesian3g@i2i.jp,internship,52-(613)324-4553,1,graduate,3
126,Elwood,D'Cruze,edcruze3h@cbc.ca,conference,41-(870)995-2790,2,student,1
127,Raymond,Smithson,rsmithson3i@cnbc.com,practice,86-(860)545-7937,3,student,2
128,Simone,Swinley,sswinley3j@prlog.org,practice,92-(609)745-8995,4,master,3
129,Julio,Brickstock,jbrickstock3k@accuweather.com,internship,48-(659)263-8984,5,freelancer,1
130,Susan,Sewards,ssewards3l@xing.com,conference,358-(160)489-4261,1,freelancer,2
131,Dixie,Clemencon,dclemencon3m@topsy.com,practice,55-(373)325-7427,2,freelancer,3
132,Melly,Dyble,mdyble3n@over-blog.com,practice,54-(105)422-4823,3,freelancer,1
133,Bran,Collister,bcollister3o@altervista.org,practice,374-(612)299-5846,4,graduate,2
134,Burton,O'Luby,boluby3p@wiley.com,internship,62-(240)532-2465,5,freelancer,3
135,Hedwiga,Logue,hlogue3q@altervista.org,internship,86-(854)599-2570,1,master,1
136,Chelsea,Horbath,chorbath3r@tinypic.com,conference,7-(118)452-4759,2,freelancer,2
137,Neilla,Preddy,npreddy3s@walmart.com,practice,33-(564)130-7721,3,graduate,3
138,Carlota,Slarke,cslarke3t@oracle.com,conference,48-(593)931-8135,4,master,1
139,Dalli,Prentice,dprentice3u@cyberchimps.com,internship,967-(913)624-4157,5,graduate,2
140,Brig,Montague,bmontague3v@paginegialle.it,internship,86-(177)690-6820,1,graduate,3
141,Sterne,Benit,sbenit3w@opensource.org,conference,381-(558)895-8387,2,master,1
142,Daune,Casiroli,dcasiroli3x@webnode.com,conference,51-(355)696-0148,3,graduate,2
143,Aloin,Josefsen,ajosefsen3y@bloglines.com,internship,56-(531)151-0727,4,master,3
144,Loralee,Ramplee,lramplee3z@sohu.com,internship,86-(945)766-2127,5,student,1
145,Geordie,Drydale,gdrydale40@xing.com,internship,994-(148)387-6352,1,student,2
146,Julita,Dye,jdye41@webnode.com,conference,1-(866)872-9247,2,student,3
147,Renate,Hasty,rhasty42@scientificamerican.com,internship,55-(598)791-8912,3,master,1
148,Nikki,Caizley,ncaizley43@desdev.cn,practice,47-(931)985-1215,4,student,2
149,Lauritz,Trevear,ltrevear44@house.gov,practice,82-(641)705-5762,5,master,3
150,Dena,Chatin,dchatin45@netlog.com,practice,81-(665)721-9800,1,master,1
151,Odo,Dallas,odallas46@cnn.com,conference,47-(284)218-8113,2,graduate,2
152,Rozelle,Cumbridge,rcumbridge47@free.fr,practice,53-(763)304-4227,3,master,3
153,Shanon,Drewet,sdrewet48@php.net,conference,86-(916)384-4710,4,student,1
154,Dex,Quodling,dquodling49@prlog.org,conference,62-(773)612-5422,5,freelancer,2
155,Karlene,Orr,korr4a@tripadvisor.com,conference,51-(726)626-8665,1,freelancer,3
156,Faustine,Yeiles,fyeiles4b@soup.io,conference,48-(634)247-5209,2,freelancer,1
157,Gibby,Southwood,gsouthwood4c@oaic.gov.au,conference,86-(432)235-8170,3,master,2
158,Gayle,O'Brollachain,gobrollachain4d@weebly.com,internship,351-(667)886-7768,4,graduate,3
159,Catharine,Straughan,cstraughan4e@uiuc.edu,conference,359-(604)510-1874,5,student,1
160,Dewey,Jerisch,djerisch4f@nature.com,conference,86-(488)878-8802,1,master,2
161,Joannes,Iacobassi,jiacobassi4g@amazon.co.jp,practice,591-(303)235-7560,2,master,3
162,Care,Walder,cwalder4h@myspace.com,internship,62-(185)609-2616,3,freelancer,1
163,Neilla,Goricke,ngoricke4i@sciencedirect.com,internship,86-(662)808-9184,4,student,2
164,Nicole,Caberas,ncaberas4j@cbc.ca,internship,84-(215)593-5034,5,master,3
165,Brit,Roderighi,broderighi4k@blinklist.com,practice,52-(658)964-7587,1,student,1
166,Hamnet,MacLaughlin,hmaclaughlin4l@walmart.com,practice,1-(858)911-3282,2,student,2
167,Dale,Lemonby,dlemonby4m@dailymail.co.uk,internship,380-(556)123-4272,3,student,3
168,Averil,Batalini,abatalini4n@storify.com,practice,62-(884)308-9639,4,master,1
169,Bren,Trime,btrime4o@bloomberg.com,practice,86-(279)527-5686,5,master,2
170,Aurora,Serrell,aserrell4p@prlog.org,internship,47-(955)834-3815,1,student,3
171,Mel,Camilleri,mcamilleri4q@phoca.cz,conference,1-(801)208-9348,2,master,1
172,Justis,Pariss,jpariss4r@time.com,practice,351-(501)255-4936,3,master,2
173,Valencia,Oakey,voakey4s@tripod.com,conference,381-(253)137-8047,4,master,3
174,Claudia,Dacey,cdacey4t@usatoday.com,conference,224-(613)217-1457,5,master,1
175,Joseph,Key,jkey4u@friendfeed.com,internship,86-(318)532-9074,1,graduate,2
176,Erwin,Farthing,efarthing4v@hatena.ne.jp,conference,46-(426)809-0094,2,master,3
177,Irvin,Mathewes,imathewes4w@home.pl,internship,62-(400)208-8649,3,master,1
178,Douglas,Thraves,dthraves4x@imageshack.us,conference,420-(690)529-0124,4,graduate,2
179,Chane,Duell,cduell4y@sitemeter.com,practice,30-(240)913-2507,5,graduate,3
180,Korella,Dealy,kdealy4z@tripod.com,practice,52-(127)329-9402,1,freelancer,1
181,Persis,Meckiff,pmeckiff50@ifeng.com,conference,48-(930)708-5691,2,graduate,2
182,Tine,Pandey,tpandey51@usnews.com,internship,1-(813)428-2114,3,student,3
183,Charleen,Adiscot,cadiscot52@live.com,conference,503-(486)629-8332,4,graduate,1
184,Philbert,Coffelt,pcoffelt53@phpbb.com,conference,86-(744)965-1848,5,master,2
185,Bob,Lippiello,blippiello54@com.com,conference,63-(318)131-0946,1,graduate,3
186,Evy,Faye,efaye55@fda.gov,internship,31-(471)763-4738,2,student,1
187,Briana,Honisch,bhonisch56@sciencedaily.com,internship,353-(496)813-6659,3,master,2
188,Isador,Andriesse,iandriesse57@amazon.co.uk,conference,86-(977)141-8616,4,freelancer,3
189,Dick,Seago,dseago58@yandex.ru,conference,33-(296)340-1887,5,freelancer,1
190,Tymothy,Sigward,tsigward59@cdc.gov,internship,86-(651)116-7198,1,graduate,2
191,Gisella,Branch,gbranch5a@chron.com,internship,86-(163)129-9490,2,master,3
192,Liz,Whitby,lwhitby5b@bloomberg.com,conference,66-(926)275-6022,3,graduate,1
193,Tiffy,Ivakhnov,tivakhnov5c@blinklist.com,internship,54-(469)761-6907,4,freelancer,2
194,Barby,Cabera,bcabera5d@foxnews.com,internship,1-(213)720-8665,5,freelancer,3
195,Geno,Snaith,gsnaith5e@studiopress.com,conference,86-(825)702-5439,1,graduate,1
196,Arin,Stockdale,astockdale5f@tinypic.com,conference,86-(282)100-5762,2,master,2
197,Kipp,Cornforth,kcornforth5g@about.me,internship,92-(301)799-3408,3,student,3
198,Shelby,Duffyn,sduffyn5h@cdbaby.com,internship,66-(691)184-4041,4,freelancer,1
199,Kyle,Plom,kplom5i@joomla.org,conference,86-(918)750-7130,5,graduate,2
200,Crystal,Dana,cdana5j@squidoo.com,conference,52-(478)575-9856,1,freelancer,3
201,Byrom,Kenewel,bkenewel5k@tripadvisor.com,conference,351-(609)767-6590,2,freelancer,1
202,Asa,Dodle,adodle5l@aol.com,practice,7-(651)517-5991,3,graduate,2
203,Ileana,Kreuzer,ikreuzer5m@amazon.co.jp,conference,51-(340)452-3179,4,student,3
204,Nowell,Brower,nbrower5n@eventbrite.com,conference,86-(782)899-9876,5,master,1
205,Donal,Moakes,dmoakes5o@barnesandnoble.com,practice,84-(131)655-7844,1,freelancer,2
206,Amandie,Hinrichs,ahinrichs5p@nps.gov,practice,1-(365)451-2253,2,graduate,3
207,Felice,Pellant,fpellant5q@shutterfly.com,internship,66-(244)795-8708,3,graduate,1
208,Dallas,Nolleth,dnolleth5r@smh.com.au,internship,66-(306)589-3104,4,student,2
209,Emelia,Di Pietro,edipietro5s@rediff.com,conference,62-(518)221-4079,5,master,3
210,Ilaire,Morratt,imorratt5t@lulu.com,practice,995-(334)136-4239,1,freelancer,1
211,Trey,Van der Hoeven,tvanderhoeven5u@cpanel.net,conference,970-(131)119-3206,2,student,2
212,Grete,Wheadon,gwheadon5v@si.edu,internship,7-(294)806-9039,3,freelancer,3
213,Sapphire,Lishmund,slishmund5w@soup.io,internship,62-(732)900-3626,4,student,1
214,Loleta,Kidman,lkidman5x@alexa.com,internship,86-(781)858-9185,5,student,2
215,Jess,Roy,jroy5y@arstechnica.com,practice,1-(864)747-0178,1,master,3
216,Ike,Wayt,iwayt5z@oaic.gov.au,conference,358-(900)208-1845,2,master,1
217,Mattias,Trow,mtrow60@mail.ru,conference,63-(834)907-2086,3,master,2
218,Arleta,Lilley,alilley61@google.es,internship,86-(151)196-3672,4,freelancer,3
219,Hernando,Claesens,hclaesens62@dmoz.org,practice,420-(439)757-7037,5,freelancer,1
220,Lorna,McCunn,lmccunn63@webmd.com,internship,7-(406)506-4230,1,master,2
221,Rosamond,Ilden,rilden64@constantcontact.com,internship,86-(268)656-0368,2,graduate,3
222,Rickert,Vowell,rvowell65@latimes.com,internship,374-(158)533-6775,3,freelancer,1
223,Sumner,Caccavale,scaccavale66@msu.edu,internship,255-(839)918-6176,4,student,2
224,Feliza,Balmadier,fbalmadier67@arstechnica.com,conference,86-(669)480-6501,5,freelancer,3
225,Sandy,Daft,sdaft68@meetup.com,internship,235-(864)397-7590,1,student,1
226,Roderich,Burnyeat,rburnyeat69@businessweek.com,practice,30-(123)779-9580,2,master,2
227,Feodora,Langeren,flangeren6a@cornell.edu,practice,58-(649)375-6749,3,master,3
228,Zebedee,Pearde,zpearde6b@google.fr,conference,81-(892)759-5481,4,master,1
229,Pietra,Peasby,ppeasby6c@ca.gov,conference,7-(335)484-8426,5,student,2
230,Bing,McGrane,bmcgrane6d@bigcartel.com,conference,57-(393)135-3146,1,graduate,3
231,Natividad,Richarson,nricharson6e@sina.com.cn,conference,261-(654)146-2418,2,student,1
232,Chrissy,Colquit,ccolquit6f@prweb.com,practice,86-(818)256-2772,3,freelancer,2
233,Merrile,Brigden,mbrigden6g@imageshack.us,conference,33-(282)773-6639,4,student,3
234,Pace,Titt,ptitt6h@ed.gov,practice,33-(718)159-7238,5,master,1
235,Tamra,Rentalll,trentalll6i@usda.gov,practice,380-(405)849-7864,1,freelancer,2
236,Tymothy,Warkup,twarkup6j@facebook.com,conference,1-(206)624-3039,2,student,3
237,Cathi,Longhurst,clonghurst6k@google.com,internship,84-(491)387-2384,3,master,1
238,Nikkie,Baignard,nbaignard6l@whitehouse.gov,practice,63-(429)282-2585,4,master,2
239,Cary,Geertje,cgeertje6m@youtu.be,conference,66-(231)703-6639,5,master,3
240,Cammy,Blazey,cblazey6n@com.com,conference,51-(660)984-8722,1,freelancer,1
241,Averil,Cordelle,acordelle6o@squidoo.com,internship,992-(796)174-7784,2,graduate,2
242,Debi,Hanse,dhanse6p@gravatar.com,practice,351-(660)896-6069,3,student,3
243,Derick,Thieme,dthieme6q@patch.com,practice,86-(795)554-1452,4,graduate,1
244,Marge,Drever,mdrever6r@china.com.cn,practice,48-(309)441-1363,5,graduate,2
245,Keane,Franken,kfranken6s@businesswire.com,practice,46-(251)158-2837,1,master,3
246,Carmencita,Bohlens,cbohlens6t@prnewswire.com,conference,82-(287)127-4312,2,freelancer,1
247,Rhys,Lammerich,rlammerich6u@sina.com.cn,conference,63-(866)596-2444,3,master,2
248,Greggory,Triggs,gtriggs6v@blinklist.com,practice,218-(398)434-5990,4,graduate,3
249,Gerda,Trayhorn,gtrayhorn6w@sun.com,practice,380-(283)414-0101,5,student,1
250,Benoite,Marvel,bmarvel6x@networksolutions.com,practice,351-(706)446-2179,1,student,2
251,Hally,Skeermer,hskeermer6y@guardian.co.uk,practice,7-(816)241-8695,2,master,3
252,Daniel,Kleinstern,dkleinstern6z@sciencedirect.com,internship,49-(286)149-8732,3,graduate,1
253,Stuart,Slemmonds,sslemmonds70@fastcompany.com,conference,54-(769)186-2019,4,freelancer,2
254,Berry,Preshous,bpreshous71@un.org,practice,86-(982)850-7437,5,student,3
255,Kerstin,Kalkhoven,kkalkhoven72@bloomberg.com,internship,86-(396)229-7064,1,graduate,1
256,Linnea,McKie,lmckie73@nifty.com,practice,63-(496)710-8792,2,freelancer,2
257,Rodolphe,Metham,rmetham74@aol.com,conference,46-(877)604-8048,3,master,3
258,Dehlia,Clingoe,dclingoe75@mail.ru,internship,976-(481)603-2186,4,master,1
259,Clerissa,Woolvin,cwoolvin76@google.co.uk,conference,86-(986)864-2462,5,freelancer,2
260,Gisella,MacColgan,gmaccolgan77@paypal.com,internship,48-(467)725-3377,1,graduate,3
261,Lorette,Cornehl,lcornehl78@yellowpages.com,internship,33-(517)917-0331,2,freelancer,1
262,Mil,Rosenboim,mrosenboim79@phoca.cz,internship,1-(615)664-6113,3,master,2
263,Tedmund,Olyunin,tolyunin7a@1688.com,conference,86-(293)211-7353,4,freelancer,3
264,Ebonee,Gaynsford,egaynsford7b@google.co.uk,internship,255-(790)485-9838,5,master,1
265,Jo-anne,Petrazzi,jpetrazzi7c@simplemachines.org,internship,46-(629)319-9569,1,graduate,2
266,Marge,Taleworth,mtaleworth7d@bing.com,conference,7-(473)492-3688,2,master,3
267,Lulita,Reidshaw,lreidshaw7e@wikia.com,practice,86-(130)729-8152,3,student,1
268,Aurie,Whymark,awhymark7f@google.ca,conference,86-(401)667-8639,4,freelancer,2
269,Durward,Geare,dgeare7g@artisteer.com,conference,81-(894)806-5051,5,master,3
270,Marlena,Lauret,mlauret7h@telegraph.co.uk,conference,356-(745)924-6741,1,student,1
271,Luise,Maylour,lmaylour7i@home.pl,conference,62-(457)464-2260,2,student,2
272,Addia,Begley,abegley7j@comsenz.com,internship,386-(467)352-0832,3,student,3
273,Ami,Scuffham,ascuffham7k@nps.gov,internship,51-(914)630-5376,4,graduate,1
274,Pattie,Philippsohn,pphilippsohn7l@utexas.edu,conference,994-(137)165-8841,5,master,2
275,Tuckie,Warsap,twarsap7m@yelp.com,conference,62-(702)286-2891,1,graduate,3
276,Denys,Yare,dyare7n@mail.ru,conference,359-(415)359-8219,2,master,1
277,Windy,Sapey,wsapey7o@hugedomains.com,internship,48-(870)651-2132,3,student,2
278,Barry,Reisenberg,breisenberg7p@arizona.edu,practice,234-(650)339-6240,4,master,3
279,Krishna,Thebes,kthebes7q@vk.com,internship,51-(217)226-5619,5,student,1
280,Rebekah,Izen,rizen7r@discovery.com,conference,62-(482)495-5532,1,freelancer,2
281,Eugenio,Ebben,eebben7s@icq.com,internship,372-(320)379-0523,2,freelancer,3
282,Dory,Leverich,dleverich7t@marketwatch.com,internship,351-(602)707-6296,3,graduate,1
283,Gunilla,Culshaw,gculshaw7u@ftc.gov,practice,55-(927)447-7441,4,freelancer,2
284,Caren,Forstall,cforstall7v@unc.edu,practice,7-(699)840-1695,5,master,3
285,Peirce,Fogel,pfogel7w@meetup.com,conference,380-(957)560-7762,1,student,1
286,Kleon,Mazzeo,kmazzeo7x@mlb.com,internship,63-(716)612-8675,2,master,2
287,Emmaline,Furminger,efurminger7y@xinhuanet.com,practice,7-(261)922-8327,3,master,3
288,Tanhya,Frier,tfrier7z@friendfeed.com,practice,20-(784)308-8686,4,graduate,1
289,Tony,Melchior,tmelchior80@skyrock.com,conference,255-(639)624-8328,5,freelancer,2
290,Myranda,Costelow,mcostelow81@europa.eu,conference,62-(745)597-5024,1,student,3
291,Tristan,Elkin,telkin82@archive.org,internship,81-(312)698-4621,2,graduate,1
292,Giorgi,Firbank,gfirbank83@who.int,conference,62-(468)515-7642,3,master,2
293,Erl,Maddock,emaddock84@goo.ne.jp,practice,351-(241)823-7683,4,freelancer,3
294,Saw,Gilbee,sgilbee85@yandex.ru,internship,86-(154)818-3325,5,master,1
295,Cymbre,Kinzett,ckinzett86@bing.com,conference,55-(476)752-4182,1,master,2
296,Trent,McKay,tmckay87@virginia.edu,practice,62-(430)814-4625,2,freelancer,3
297,Xylia,Huerta,xhuerta88@businessweek.com,conference,82-(856)412-2304,3,master,1
298,Katy,Magne,kmagne89@jiathis.com,internship,7-(740)790-6251,4,freelancer,2
299,Byrom,Mugridge,bmugridge8a@w3.org,conference,420-(951)620-2471,5,freelancer,3
300,Tedmund,Cock,tcock8b@macromedia.com,practice,7-(283)467-8952,1,graduate,1
301,Imelda,Creddon,icreddon8c@cloudflare.com,internship,57-(282)681-6456,2,freelancer,2
302,Eryn,Jikylls,ejikylls8d@cnn.com,internship,963-(335)986-6651,3,master,3
303,Daniele,Orro,dorro8e@gravatar.com,internship,82-(964)624-3909,4,freelancer,1
304,Lamont,Kordt,lkordt8f@booking.com,practice,62-(439)502-0718,5,student,2
305,Hannah,Tomaselli,htomaselli8g@amazon.co.uk,conference,62-(930)710-1664,1,student,3
306,Felicle,Feighney,ffeighney8h@ucoz.com,conference,63-(334)671-1089,2,student,1
307,Elsi,Bursell,ebursell8i@dedecms.com,conference,55-(904)958-9132,3,master,2
308,Brena,McCathay,bmccathay8j@umich.edu,practice,372-(505)113-5155,4,master,3
309,Coleman,Bernardon,cbernardon8k@yolasite.com,practice,967-(538)764-0478,5,student,1
310,Skippy,Wilbraham,swilbraham8l@fastcompany.com,conference,66-(180)963-9705,1,graduate,2
311,Torre,Kilshall,tkilshall8m@biglobe.ne.jp,conference,55-(876)878-9802,2,master,3
312,Tyler,Dunthorne,tdunthorne8n@photobucket.com,internship,225-(541)643-2821,3,freelancer,1
313,Minda,Baiden,mbaiden8o@wikipedia.org,practice,351-(531)283-1924,4,freelancer,2
314,Sadella,Vaun,svaun8p@de.vu,practice,62-(845)957-9075,5,graduate,3
315,Valina,Spriggs,vspriggs8q@i2i.jp,internship,95-(866)189-6255,1,student,1
316,Christabel,Outright,coutright8r@mysql.com,internship,62-(138)639-5115,2,freelancer,2
317,Freeman,Eriksson,feriksson8s@reference.com,conference,55-(120)609-8193,3,freelancer,3
318,Oliviero,Futter,ofutter8t@vk.com,conference,46-(119)652-0954,4,master,1
319,Amie,McParland,amcparland8u@newsvine.com,conference,93-(988)307-4551,5,graduate,2
320,Rory,Behrend,rbehrend8v@eventbrite.com,conference,63-(705)846-0156,1,freelancer,3
321,Edgardo,Goodreid,egoodreid8w@instagram.com,internship,1-(423)287-2192,2,master,1
322,Bennie,Jellico,bjellico8x@umich.edu,practice,351-(279)560-4451,3,master,2
323,Fonz,Tarry,ftarry8y@google.com.hk,practice,62-(640)245-0317,4,freelancer,3
324,Guthrie,Joffe,gjoffe8z@addtoany.com,internship,351-(151)207-4324,5,master,1
325,Larina,Wreiford,lwreiford90@merriam-webster.com,conference,351-(811)560-2549,1,graduate,2
326,Ilaire,De Ruggero,ideruggero91@github.com,internship,212-(706)934-9296,2,master,3
327,Dugald,Najara,dnajara92@independent.co.uk,conference,82-(265)557-7767,3,student,1
328,Chico,Shillabear,cshillabear93@smugmug.com,internship,46-(792)614-9473,4,freelancer,2
329,Yvor,Cropper,ycropper94@bbc.co.uk,practice,1-(947)169-9720,5,graduate,3
330,Hershel,Addey,haddey95@twitter.com,conference,86-(697)672-2753,1,freelancer,1
331,Cairistiona,Mosdill,cmosdill96@blogspot.com,conference,27-(574)730-9494,2,freelancer,2
332,Remy,Paulack,rpaulack97@geocities.com,conference,48-(142)490-3114,3,student,3
333,Nick,Tarbox,ntarbox98@facebook.com,conference,420-(220)977-2439,4,freelancer,1
334,Bethany,Holliar,bholliar99@fda.gov,internship,351-(609)954-2719,5,master,2
335,Jacob,Lethem,jlethem9a@hp.com,conference,33-(758)399-5414,1,graduate,3
336,Minny,Baline,mbaline9b@parallels.com,practice,234-(305)888-8175,2,freelancer,1
337,Kleon,Budnik,kbudnik9c@edublogs.org,practice,992-(563)855-3442,3,freelancer,2
338,Jabez,Spinella,jspinella9d@utexas.edu,internship,385-(915)190-6655,4,graduate,3
339,Corey,Laux,claux9e@archive.org,practice,352-(431)567-3110,5,graduate,1
340,Mayor,Moroney,mmoroney9f@kickstarter.com,internship,86-(158)478-5584,1,graduate,2
341,Gilli,Schurcke,gschurcke9g@smh.com.au,conference,62-(638)554-1631,2,graduate,3
342,Orlan,Evins,oevins9h@networksolutions.com,practice,86-(565)711-3030,3,graduate,1
343,Patten,Tyndall,ptyndall9i@printfriendly.com,internship,54-(903)786-4242,4,graduate,2
344,Eziechiele,Chidlow,echidlow9j@about.com,conference,976-(560)965-8142,5,student,3
345,Dido,Loughlin,dloughlin9k@amazon.com,conference,7-(160)641-6850,1,student,1
346,Dene,Viant,dviant9l@mapquest.com,conference,55-(253)485-4162,2,freelancer,2
347,Victoria,Caen,vcaen9m@princeton.edu,internship,62-(515)598-9559,3,student,3
348,Francene,Lambal,flambal9n@behance.net,practice,98-(146)346-7950,4,freelancer,1
349,Tessa,Mordan,tmordan9o@plala.or.jp,internship,62-(850)626-0255,5,master,2
350,Olympie,Slad,oslad9p@wired.com,practice,86-(521)409-1021,1,student,3
351,Berk,De Andreis,bdeandreis9q@sogou.com,internship,62-(644)629-2298,2,master,1
352,Birgit,Clem,bclem9r@mlb.com,conference,420-(476)984-7632,3,master,2
353,Carrissa,Watling,cwatling9s@slashdot.org,internship,504-(446)625-5876,4,master,3
354,Melisenda,Pracy,mpracy9t@yellowbook.com,conference,86-(463)192-4142,5,master,1
355,Flemming,Jancik,fjancik9u@webmd.com,practice,55-(901)422-4310,1,student,2
356,Mahala,McKane,mmckane9v@goodreads.com,practice,63-(732)501-9823,2,freelancer,3
357,Bordy,Quarton,bquarton9w@constantcontact.com,conference,63-(267)392-8182,3,master,1
358,Lancelot,Cassius,lcassius9x@sciencedaily.com,conference,261-(942)322-1319,4,master,2
359,Maudie,Barnicott,mbarnicott9y@ocn.ne.jp,practice,33-(601)479-4029,5,student,3
360,Theobald,Giraux,tgiraux9z@tmall.com,practice,86-(133)256-3675,1,freelancer,1
361,Rafaelita,Ledekker,rledekkera0@vk.com,conference,52-(501)474-3099,2,master,2
362,Tyrus,De Simone,tdesimonea1@pagesperso-orange.fr,conference,992-(180)145-1648,3,master,3
363,Timmy,McMennum,tmcmennuma2@4shared.com,conference,81-(643)189-0814,4,master,1
364,Ernest,Khan,ekhana3@nationalgeographic.com,internship,30-(103)644-2497,5,master,2
365,Winnie,Dibden,wdibdena4@seesaa.net,conference,51-(520)272-7236,1,graduate,3
366,Fidole,Tickner,fticknera5@edublogs.org,practice,86-(942)345-4501,2,graduate,1
367,Demetria,Mallabon,dmallabona6@dropbox.com,conference,86-(212)105-7661,3,freelancer,2
368,Silvester,Tame,stamea7@sina.com.cn,internship,55-(342)982-0415,4,graduate,3
369,Alicia,Mockler,amocklera8@usnews.com,internship,86-(918)247-6266,5,freelancer,1
370,Tan,Tait,ttaita9@barnesandnoble.com,internship,7-(409)621-7772,1,master,2
371,Mohandas,Covendon,mcovendonaa@opensource.org,conference,55-(168)442-2049,2,freelancer,3
372,Silvio,MacCague,smaccagueab@ebay.com,internship,56-(440)827-5777,3,master,1
373,Rafaello,Popplestone,rpopplestoneac@tripadvisor.com,conference,62-(391)908-2647,4,student,2
374,Mariellen,Drowsfield,mdrowsfieldad@hexun.com,conference,86-(420)102-2734,5,student,3
375,Eleanora,Tommasuzzi,etommasuzziae@mozilla.org,conference,46-(640)289-0496,1,master,1
376,Quintilla,Cosbey,qcosbeyaf@webnode.com,internship,62-(216)200-1893,2,student,2
377,Deane,Nesby,dnesbyag@who.int,practice,1-(498)150-5256,3,master,3
378,Lucina,Joris,ljorisah@webs.com,practice,48-(517)932-9444,4,master,1
379,Izak,Ygoe,iygoeai@liveinternet.ru,practice,880-(832)589-4928,5,master,2
380,Ilene,Pickance,ipickanceaj@mozilla.com,internship,30-(716)576-4188,1,student,3
381,Lira,Staniforth,lstaniforthak@hubpages.com,internship,81-(290)563-3166,2,student,1
382,Philippe,Wiggam,pwiggamal@seesaa.net,practice,86-(890)709-7631,3,student,2
383,Annabella,Magwood,amagwoodam@whitehouse.gov,internship,225-(830)257-5785,4,master,3
384,Corena,Druett,cdruettan@pagesperso-orange.fr,internship,63-(324)734-9261,5,graduate,1
385,Nicholas,Barrett,nbarrettao@japanpost.jp,internship,33-(209)757-5699,1,student,2
386,Emmie,Bradberry,ebradberryap@desdev.cn,conference,62-(299)247-5789,2,freelancer,3
387,Adelice,Standbrook,astandbrookaq@intel.com,internship,86-(890)602-7772,3,graduate,1
388,Sheila-kathryn,Whiten,swhitenar@wix.com,internship,86-(301)195-9373,4,graduate,2
389,Karlee,Reaney,kreaneyas@tmall.com,practice,993-(591)876-0594,5,freelancer,3
390,Alwin,Seczyk,aseczykat@phoca.cz,conference,234-(369)753-3166,1,master,1
391,Franny,Spong,fspongau@ask.com,conference,48-(174)236-0884,2,student,2
392,Lonna,Rudderham,lrudderhamav@theguardian.com,conference,30-(453)700-5398,3,freelancer,3
393,Karlotte,Berka,kberkaaw@xrea.com,practice,33-(604)809-3081,4,master,1
394,Karlene,Hynd,khyndax@clickbank.net,conference,62-(623)823-1107,5,graduate,2
395,Lyndell,Whyler,lwhyleray@de.vu,internship,223-(489)478-3387,1,graduate,3
396,Francklyn,O'Sheeryne,fosheeryneaz@is.gd,conference,33-(726)666-5590,2,freelancer,1
397,Paulina,Henningham,phenninghamb0@163.com,internship,226-(403)530-6078,3,graduate,2
398,Reg,Alves,ralvesb1@digg.com,practice,62-(776)355-8420,4,freelancer,3
399,Winifield,De Giovanni,wdegiovannib2@nsw.gov.au,internship,86-(472)505-1974,5,student,1
400,Ambrose,Wiburn,awiburnb3@ezinearticles.com,conference,86-(991)119-9269,1,student,2
401,Karel,Matteotti,kmatteottib4@walmart.com,practice,7-(764)875-7463,2,graduate,3
402,Loren,Speight,lspeightb5@amazonaws.com,practice,86-(306)641-8240,3,master,1
403,Rutherford,Kirkpatrick,rkirkpatrickb6@hubpages.com,conference,1-(202)497-1210,4,master,2
404,Ewell,McRobbie,emcrobbieb7@hhs.gov,internship,46-(937)314-5899,5,graduate,3
405,Lauren,Lorent,llorentb8@businesswire.com,conference,1-(626)269-2890,1,master,1
406,Ruthanne,Harwood,rharwoodb9@istockphoto.com,practice,55-(405)869-4578,2,freelancer,2
407,Micheil,Mylan,mmylanba@booking.com,practice,54-(368)438-8875,3,graduate,3
408,Vivyanne,Sodory,vsodorybb@blogspot.com,internship,48-(173)741-0643,4,student,1
409,Megen,Mosedill,mmosedillbc@illinois.edu,internship,84-(350)416-7740,5,graduate,2
410,Estele,Leverton,elevertonbd@cdbaby.com,conference,62-(384)501-7586,1,master,3
411,Ransell,Kyte,rkytebe@godaddy.com,internship,82-(565)115-3344,2,student,1
412,Haily,Breckin,hbreckinbf@washingtonpost.com,conference,256-(943)502-4054,3,graduate,2
413,Claudio,Godsafe,cgodsafebg@dell.com,conference,86-(843)102-1799,4,student,3
414,Udale,Allone,uallonebh@dropbox.com,conference,63-(789)285-1326,5,student,1
415,Lucille,Norwell,lnorwellbi@guardian.co.uk,conference,353-(481)925-8064,1,student,2
416,Emmy,Sibbet,esibbetbj@go.com,internship,30-(434)966-9547,2,student,3
417,Saunders,James,sjamesbk@theguardian.com,practice,51-(298)272-5356,3,master,1
418,Domingo,Toffano,dtoffanobl@odnoklassniki.ru,practice,62-(628)174-0941,4,student,2
419,Brinn,Weson,bwesonbm@opensource.org,conference,234-(557)449-0769,5,master,3
420,Kirk,McGivena,kmcgivenabn@slashdot.org,conference,86-(674)897-9220,1,student,1
421,Jana,Hagston,jhagstonbo@tinypic.com,practice,48-(389)819-0297,2,master,2
422,Kristan,Dunsford,kdunsfordbp@youtu.be,practice,7-(727)255-8749,3,freelancer,3
423,Norri,Bassilashvili,nbassilashvilibq@behance.net,conference,63-(733)209-8446,4,student,1
424,Phillida,Marikhin,pmarikhinbr@jimdo.com,internship,373-(241)954-3537,5,master,2
425,Katya,McCullock,kmccullockbs@google.com.br,conference,60-(952)495-8071,1,graduate,3
426,Joey,Lecointe,jlecointebt@webmd.com,practice,420-(752)525-5036,2,master,1
427,Jobie,Arnall,jarnallbu@github.io,conference,63-(843)139-2910,3,student,2
428,Dareen,Isworth,disworthbv@naver.com,internship,57-(304)144-5126,4,freelancer,3
429,Jolynn,Warton,jwartonbw@un.org,conference,86-(871)297-5845,5,graduate,1
430,Noel,Beardwell,nbeardwellbx@etsy.com,conference,55-(861)150-6008,1,master,2
431,Farlay,Pisco,fpiscoby@pinterest.com,internship,970-(794)275-4345,2,graduate,3
432,Joyan,Bastow,jbastowbz@marketwatch.com,conference,62-(304)510-2327,3,graduate,1
433,Joseph,Lawling,jlawlingc0@theguardian.com,conference,63-(855)227-6035,4,student,2
434,Moe,Gillinghams,mgillinghamsc1@google.com.au,conference,60-(709)445-8189,5,master,3
435,Christen,Jenking,cjenkingc2@t.co,practice,598-(825)205-1037,1,student,1
436,Sebastien,Ojeda,sojedac3@ustream.tv,internship,45-(959)973-4207,2,master,2
437,Randy,Spilling,rspillingc4@ezinearticles.com,internship,55-(109)422-7632,3,student,3
438,Garrett,Liveing,gliveingc5@newsvine.com,conference,358-(514)964-1475,4,freelancer,1
439,Silva,Dickie,sdickiec6@google.com.au,conference,62-(149)858-8244,5,master,2
440,Eddie,Kellogg,ekelloggc7@issuu.com,internship,62-(425)897-1846,1,graduate,3
441,Somerset,Coal,scoalc8@nature.com,conference,55-(390)985-4664,2,graduate,1
442,Raul,Vizard,rvizardc9@ycombinator.com,conference,48-(398)260-9059,3,freelancer,2
443,Shelley,Simonson,ssimonsonca@scientificamerican.com,conference,86-(282)685-0609,4,freelancer,3
444,Dusty,Beazley,dbeazleycb@fema.gov,internship,48-(250)767-1093,5,master,1
445,Delmer,Ghidetti,dghidetticc@sphinn.com,internship,62-(100)438-8550,1,freelancer,2
446,Olag,Eseler,oeselercd@discuz.net,internship,86-(152)530-0131,2,student,3
447,Crista,Wallenger,cwallengerce@jimdo.com,conference,86-(419)528-5890,3,graduate,1
448,Lonni,Gietz,lgietzcf@dropbox.com,internship,86-(115)678-6606,4,master,2
449,Cly,Blakeway,cblakewaycg@google.co.uk,conference,7-(246)202-3740,5,graduate,3
450,Michaela,Westall,mwestallch@nps.gov,practice,62-(124)526-1949,1,master,1
451,Conrade,Thurman,cthurmanci@simplemachines.org,conference,357-(966)598-4554,2,freelancer,2
452,Alejandrina,Denmead,adenmeadcj@uiuc.edu,practice,7-(719)854-4913,3,student,3
453,Norbert,Tremeer,ntremeerck@dot.gov,conference,86-(447)793-2517,4,freelancer,1
454,Laure,Battrum,lbattrumcl@wp.com,internship,1-(959)842-5773,5,master,2
455,Travis,Critoph,tcritophcm@springer.com,internship,351-(619)998-1340,1,freelancer,3
456,Liva,Lainton,llaintoncn@over-blog.com,internship,57-(723)975-8866,2,freelancer,1
457,Barnett,Brayne,bbrayneco@blog.com,internship,86-(344)674-7969,3,master,2
458,Celesta,Flintoff,cflintoffcp@exblog.jp,practice,55-(843)520-3188,4,freelancer,3
459,Leena,Haysey,lhayseycq@timesonline.co.uk,conference,64-(420)186-0913,5,master,1
460,Bibi,Crippen,bcrippencr@whitehouse.gov,internship,63-(781)826-5670,1,master,2
461,Loutitia,Wannop,lwannopcs@abc.net.au,practice,380-(537)460-3300,2,freelancer,3
462,Leonidas,Cartmell,lcartmellct@typepad.com,practice,33-(331)287-2730,3,graduate,1
463,Morgan,Fattorini,mfattorinicu@reference.com,practice,27-(159)106-2427,4,graduate,2
464,Marja,Grzeskowski,mgrzeskowskicv@technorati.com,internship,86-(209)532-9792,5,master,3
465,Elihu,Elphey,eelpheycw@cornell.edu,conference,593-(799)818-1934,1,master,1
466,Rockwell,Peckett,rpeckettcx@mac.com,conference,380-(829)176-9079,2,graduate,2
467,Eloisa,Ream,ereamcy@barnesandnoble.com,conference,63-(861)503-6965,3,student,3
468,Justino,Rannald,jrannaldcz@businessinsider.com,practice,507-(226)937-1596,4,freelancer,1
469,Brana,Alkin,balkind0@vistaprint.com,internship,55-(381)753-4500,5,student,2
470,Austen,Pellamonuten,apellamonutend1@infoseek.co.jp,conference,351-(742)800-7730,1,student,3
471,Temple,Dowe,tdowed2@mapy.cz,practice,86-(739)643-6958,2,master,1
472,Evania,Schlag,eschlagd3@eepurl.com,internship,224-(938)888-1570,3,master,2
473,Casie,Seath,cseathd4@phpbb.com,practice,591-(395)215-1370,4,freelancer,3
474,Robin,Rigby,rrigbyd5@twitter.com,conference,86-(515)130-4316,5,graduate,1
475,Elinor,Eggins,eegginsd6@weather.com,internship,380-(665)274-0248,1,freelancer,2
476,Zora,Lace,zlaced7@1688.com,conference,380-(915)412-2477,2,graduate,3
477,Calypso,Brandrick,cbrandrickd8@answers.com,conference,62-(831)460-1897,3,student,1
478,Garek,Ellam,gellamd9@answers.com,internship,86-(763)114-8236,4,graduate,2
479,Chadd,Fackrell,cfackrellda@soup.io,internship,62-(829)117-5402,5,master,3
480,Rowan,McGifford,rmcgifforddb@fema.gov,practice,86-(887)796-2172,1,student,1
481,Dania,Dulanty,ddulantydc@t-online.de,internship,351-(113)641-2768,2,graduate,2
482,Langsdon,Ferre,lferredd@sphinn.com,conference,55-(347)934-1691,3,master,3
483,Dorri,Grishenkov,dgrishenkovde@networkadvertising.org,conference,86-(865)851-7937,4,student,1
484,Shanta,Beloe,sbeloedf@tmall.com,conference,46-(464)902-2175,5,student,2
485,Nissy,Lashbrook,nlashbrookdg@sina.com.cn,internship,351-(563)898-4358,1,graduate,3
486,Bax,Wabey,bwabeydh@cisco.com,conference,86-(982)273-9951,2,master,1
487,Fredrika,Prazer,fprazerdi@people.com.cn,internship,55-(361)387-2870,3,master,2
488,Kliment,Semechik,ksemechikdj@rambler.ru,internship,48-(232)935-8848,4,freelancer,3
489,Barty,McCraw,bmccrawdk@guardian.co.uk,internship,7-(621)849-1023,5,freelancer,1
490,Ronica,Eble,rebledl@engadget.com,internship,62-(756)271-4097,1,freelancer,2
491,Dorey,Mattioli,dmattiolidm@altervista.org,conference,380-(654)181-5656,2,student,3
492,Burke,Neilan,bneilandn@dedecms.com,conference,86-(655)189-8115,3,master,1
493,Mortie,Verzey,mverzeydo@aol.com,internship,55-(982)646-5748,4,graduate,2
494,Loralyn,Tinan,ltinandp@va.gov,conference,86-(283)180-2390,5,master,3
495,Alleyn,Speachley,aspeachleydq@ox.ac.uk,conference,54-(777)515-2847,1,master,1
496,Ysabel,Bottomley,ybottomleydr@tiny.cc,conference,51-(317)169-1052,2,graduate,2
497,Robinson,Filipic,rfilipicds@loc.gov,conference,86-(251)456-8912,3,student,3
498,Merrick,Girardoni,mgirardonidt@weather.com,practice,353-(837)982-9280,4,graduate,1
499,Nancee,Budget,nbudgetdu@zdnet.com,internship,86-(701)158-5328,5,master,2
500,Honor,Kirkpatrick,hkirkpatrickdv@craigslist.org,conference,380-(583)874-3529,1,master,3
501,Fred,Ferrar,fferrardw@blogspot.com,conference,62-(109)682-7935,2,master,1
502,Jillayne,Juares,jjuaresdx@miibeian.gov.cn,practice,353-(750)871-4726,3,graduate,2
503,Corey,Tugman,ctugmandy@godaddy.com,practice,86-(594)700-9430,4,freelancer,3
504,Niels,Hancell,nhancelldz@studiopress.com,practice,46-(403)686-7441,5,student,1
505,Nikolos,Pawelek,npaweleke0@webs.com,internship,86-(996)328-7347,1,master,2
506,Smith,Giacovetti,sgiacovettie1@usda.gov,conference,86-(915)753-3846,2,student,3
507,Clemente,Najafian,cnajafiane2@wufoo.com,internship,62-(265)130-1361,3,student,1
508,Maggee,Tolcharde,mtolchardee3@cmu.edu,internship,55-(776)835-1800,4,master,2
509,Anastasia,Dufton,aduftone4@hugedomains.com,practice,7-(462)270-1951,5,master,3
510,Carley,De Freitas,cdefreitase5@home.pl,conference,420-(253)390-2052,1,freelancer,1
511,Terence,Coppledike,tcoppledikee6@woothemes.com,conference,86-(246)898-7793,2,freelancer,2
512,Ariel,Magrannell,amagrannelle7@vistaprint.com,internship,249-(472)238-1668,3,master,3
513,Lucas,Philipps,lphilippse8@sun.com,internship,52-(838)161-4375,4,master,1
514,Carlotta,Tuckett,ctuckette9@dailymail.co.uk,practice,86-(708)775-3909,5,student,2
515,Alfons,Balsdone,abalsdoneea@dailymail.co.uk,conference,86-(313)860-0115,1,freelancer,3
516,Alex,Danskine,adanskineeb@telegraph.co.uk,practice,1-(816)185-2274,2,freelancer,1
517,Roselle,Tern,rternec@census.gov,conference,66-(979)119-8826,3,master,2
518,Bab,Sleightholme,bsleightholmeed@epa.gov,practice,62-(758)436-6905,4,master,3
519,Alysa,Huffer,ahufferee@oracle.com,conference,86-(345)303-2827,5,master,1
520,Faun,Seear,fseearef@google.it,conference,57-(539)194-0614,1,freelancer,2
521,Martie,Pavlovsky,mpavlovskyeg@cbsnews.com,internship,86-(196)914-8454,2,graduate,3
522,Karlotte,Langmuir,klangmuireh@behance.net,internship,86-(251)770-7398,3,freelancer,1
523,Dion,De Vaan,ddevaanei@dmoz.org,conference,44-(957)167-7682,4,graduate,2
524,Arthur,Worsfield,aworsfieldej@addthis.com,practice,51-(278)161-2034,5,graduate,3
525,Hermy,Kellick,hkellickek@live.com,conference,86-(931)349-7937,1,graduate,1
526,Tessa,Scarf,tscarfel@google.com.hk,internship,86-(806)882-2401,2,freelancer,2
527,Caressa,Wardrop,cwardropem@mlb.com,conference,63-(946)120-2910,3,freelancer,3
528,Fan,McGowing,fmcgowingen@dedecms.com,internship,86-(717)379-7479,4,student,1
529,Paige,Giacomoni,pgiacomonieo@w3.org,internship,84-(240)313-4822,5,student,2
530,Donny,McGilbon,dmcgilbonep@ow.ly,practice,86-(682)532-7336,1,student,3
531,Felice,Chancelier,fchanceliereq@canalblog.com,internship,48-(893)538-6664,2,graduate,1
532,Alika,Husk,ahusker@sogou.com,conference,381-(148)188-3287,3,freelancer,2
533,Ryan,Gyles,rgyleses@baidu.com,practice,62-(102)965-7172,4,master,3
534,Laurianne,Miko,lmikoet@addthis.com,internship,86-(691)353-9501,5,freelancer,1
535,Obadiah,Wrought,owroughteu@csmonitor.com,practice,54-(625)322-8164,1,master,2
536,Carny,Yarr,cyarrev@nps.gov,practice,51-(323)603-5435,2,master,3
537,Marietta,Presnell,mpresnellew@tripod.com,internship,62-(430)847-3080,3,freelancer,1
538,Godwin,Favey,gfaveyex@dailymail.co.uk,practice,351-(200)141-5814,4,freelancer,2
539,Jammie,Bunworth,jbunworthey@google.co.jp,internship,53-(320)364-4405,5,master,3
540,Maddie,Brou,mbrouez@shinystat.com,practice,62-(333)172-6526,1,student,1
541,Rem,Conklin,rconklinf0@multiply.com,practice,86-(264)637-4692,2,graduate,2
542,Freda,Andreacci,fandreaccif1@opensource.org,internship,63-(242)156-6647,3,master,3
543,Peggi,Keward,pkewardf2@symantec.com,conference,351-(636)924-7977,4,student,1
544,Bron,Garfield,bgarfieldf3@xrea.com,conference,971-(408)786-8994,5,student,2
545,Logan,Arendsen,larendsenf4@vimeo.com,conference,62-(773)953-5095,1,master,3
546,Harman,Hydes,hhydesf5@google.com.hk,practice,86-(589)575-9386,2,graduate,1
547,Danika,Newbold,dnewboldf6@hao123.com,practice,351-(935)539-6972,3,freelancer,2
548,Fanya,Coarser,fcoarserf7@wiley.com,practice,86-(506)418-8049,4,graduate,3
549,Barbee,Crufts,bcruftsf8@biglobe.ne.jp,conference,62-(668)525-0682,5,graduate,1
550,Federica,Dikelin,fdikelinf9@51.la,conference,380-(578)456-2300,1,freelancer,2
551,Adrian,Bramley,abramleyfa@arizona.edu,practice,66-(553)556-1875,2,master,3
552,Joseph,Keeling,jkeelingfb@yolasite.com,internship,86-(427)855-8021,3,student,1
553,Lauralee,Heddy,lheddyfc@w3.org,conference,374-(692)642-1870,4,graduate,2
554,Karlyn,Meekings,kmeekingsfd@pagesperso-orange.fr,practice,63-(675)525-2136,5,student,3
555,Dorothee,Shitliffe,dshitliffefe@icq.com,practice,351-(853)686-9029,1,graduate,1
556,Nicolle,Kells,nkellsff@newsvine.com,conference,86-(968)769-0596,2,graduate,2
557,Harmonia,Beteriss,hbeterissfg@amazonaws.com,internship,1-(238)253-8433,3,graduate,3
558,Sydelle,Askie,saskiefh@google.fr,internship,1-(619)972-6574,4,freelancer,1
559,Roman,Anersen,ranersenfi@mashable.com,conference,93-(523)448-6419,5,master,2
560,Arnie,Braham,abrahamfj@xing.com,practice,7-(992)663-3688,1,graduate,3
561,Raimund,Boate,rboatefk@simplemachines.org,practice,86-(490)112-1168,2,freelancer,1
562,Goddart,Abramovitz,gabramovitzfl@skyrock.com,conference,380-(821)195-4976,3,graduate,2
563,Gilburt,Philbin,gphilbinfm@dedecms.com,conference,244-(897)854-3244,4,master,3
564,Kennan,Sabattier,ksabattierfn@mysql.com,practice,7-(241)983-6433,5,graduate,1
565,Ashely,Raden,aradenfo@merriam-webster.com,internship,27-(388)654-9283,1,graduate,2
566,Tanitansy,MacBain,tmacbainfp@cpanel.net,practice,86-(307)399-3083,2,freelancer,3
567,Beatrisa,Creavin,bcreavinfq@icio.us,conference,234-(964)350-3215,3,student,1
568,Karoly,Piggin,kpigginfr@cnn.com,conference,46-(983)559-2282,4,student,2
569,Rina,Livingstone,rlivingstonefs@naver.com,conference,30-(928)683-3350,5,master,3
570,Ariadne,Livingston,alivingstonft@booking.com,internship,86-(109)184-3128,1,student,1
571,Lida,Whiteson,lwhitesonfu@jiathis.com,practice,86-(568)661-3149,2,freelancer,2
572,Gweneth,Kristoffersson,gkristofferssonfv@artisteer.com,internship,58-(776)897-4441,3,freelancer,3
573,Duky,Piborn,dpibornfw@google.ru,conference,504-(795)440-6032,4,master,1
574,Ferdinand,Bohike,fbohikefx@ted.com,internship,963-(122)871-7566,5,freelancer,2
575,Desmund,Muzzall,dmuzzallfy@ning.com,conference,62-(998)104-2446,1,graduate,3
576,Fran,Crummay,fcrummayfz@illinois.edu,conference,7-(867)201-1190,2,student,1
577,Abdel,Andree,aandreeg0@arstechnica.com,practice,81-(590)392-9817,3,master,2
578,Gypsy,Gunther,gguntherg1@desdev.cn,conference,62-(262)209-3325,4,student,3
579,Ragnar,Infante,rinfanteg2@unicef.org,internship,1-(952)189-2368,5,graduate,1
580,Sorcha,Kerrigan,skerrigang3@friendfeed.com,conference,86-(290)265-8427,1,student,2
581,Reynard,Zannutti,rzannuttig4@yahoo.com,internship,1-(963)522-0516,2,freelancer,3
582,Isabel,Rebanks,irebanksg5@npr.org,practice,86-(531)662-0681,3,master,1
583,Isadore,Murby,imurbyg6@jalbum.net,conference,93-(648)589-5104,4,student,2
584,Truda,Lonnon,tlonnong7@dyndns.org,conference,60-(185)701-7822,5,freelancer,3
585,Obidiah,Rutter,orutterg8@tinyurl.com,practice,62-(140)671-2965,1,graduate,1
586,Gaylor,Phaup,gphaupg9@forbes.com,conference,7-(892)879-4753,2,graduate,2
587,Susana,Smee,ssmeega@va.gov,internship,63-(498)837-4429,3,master,3
588,Allister,Chadbourn,achadbourngb@jalbum.net,conference,55-(866)830-4873,4,master,1
589,Sher,Spencley,sspencleygc@usatoday.com,internship,225-(619)954-4653,5,graduate,2
590,Cassaundra,Fattori,cfattorigd@msn.com,conference,86-(269)808-2986,1,graduate,3
591,Aron,Duckett,aduckettge@sakura.ne.jp,internship,386-(525)824-9092,2,student,1
592,Vernon,Matieu,vmatieugf@themeforest.net,practice,62-(338)765-7530,3,graduate,2
593,Katina,Bryenton,kbryentongg@google.ca,conference,380-(112)876-3619,4,master,3
594,Birdie,Leedal,bleedalgh@shutterfly.com,conference,7-(398)972-8519,5,master,1
595,Edita,Bielby,ebielbygi@howstuffworks.com,conference,48-(472)420-5910,1,student,2
596,Jeffie,Croston,jcrostongj@51.la,conference,7-(617)264-6722,2,student,3
597,Desmund,Epsley,depsleygk@51.la,internship,7-(116)507-8731,3,student,1
598,Dorelle,Biswell,dbiswellgl@forbes.com,conference,63-(563)684-1647,4,student,2
599,Stacey,O'Donohue,sodonohuegm@walmart.com,practice,86-(527)133-1065,5,graduate,3
600,Prent,Olding,poldinggn@gravatar.com,conference,380-(140)588-2038,1,student,1
601,Antonetta,Lathee,alatheego@un.org,practice,355-(298)383-4003,2,graduate,2
602,Arnuad,Poytress,apoytressgp@independent.co.uk,conference,970-(377)209-1844,3,master,3
603,Myrtie,Watkinson,mwatkinsongq@wikipedia.org,internship,375-(268)234-2363,4,master,1
604,Roshelle,Brassington,rbrassingtongr@1und1.de,internship,380-(510)186-1103,5,student,2
605,Mabel,Buxey,mbuxeygs@rakuten.co.jp,practice,351-(214)537-5850,1,master,3
606,Eugenie,Rigbye,erigbyegt@e-recht24.de,internship,351-(725)560-3111,2,freelancer,1
607,Imogen,Pymar,ipymargu@unc.edu,internship,56-(550)129-1787,3,graduate,2
608,Hube,Hodge,hhodgegv@taobao.com,conference,39-(534)875-3932,4,graduate,3
609,Lexie,Hamon,lhamongw@nps.gov,internship,93-(894)986-5907,5,student,1
610,Alvan,Fennell,afennellgx@etsy.com,conference,33-(248)874-8439,1,freelancer,2
611,Austin,Loreit,aloreitgy@japanpost.jp,practice,51-(596)192-0836,2,graduate,3
612,Palmer,Fladgate,pfladgategz@pagesperso-orange.fr,internship,51-(967)679-5048,3,master,1
613,Dominique,Arling,darlingh0@walmart.com,conference,62-(665)541-6634,4,freelancer,2
614,Brockie,Butchers,bbutchersh1@cam.ac.uk,internship,86-(295)792-3235,5,master,3
615,Tyrus,Ivanenkov,tivanenkovh2@pcworld.com,internship,7-(438)619-5536,1,master,1
616,Francesco,Tavinor,ftavinorh3@quantcast.com,conference,62-(131)853-1317,2,student,2
617,Bern,Clardge,bclardgeh4@netlog.com,conference,62-(925)301-6016,3,master,3
618,Riane,Akister,rakisterh5@ow.ly,internship,66-(102)496-5588,4,graduate,1
619,Dilan,Ionn,dionnh6@qq.com,internship,63-(138)588-8231,5,master,2
620,Edie,Vearnals,evearnalsh7@uiuc.edu,internship,63-(699)961-7876,1,graduate,3
621,Ossie,Blundon,oblundonh8@drupal.org,practice,62-(852)401-4499,2,master,1
622,Gaye,McGenis,gmcgenish9@senate.gov,conference,86-(664)399-5836,3,freelancer,2
623,Patty,Chellam,pchellamha@dmoz.org,practice,62-(276)798-8207,4,student,3
624,Cullin,Barthelmes,cbarthelmeshb@independent.co.uk,internship,7-(810)402-8363,5,freelancer,1
625,Virginia,Langcaster,vlangcasterhc@bigcartel.com,practice,57-(391)814-7764,1,student,2
626,Kathi,Barajaz,kbarajazhd@nsw.gov.au,conference,51-(196)120-6524,2,student,3
627,Kacy,De Filippis,kdefilippishe@geocities.com,internship,98-(382)548-4874,3,student,1
628,Ursola,Kleinstern,ukleinsternhf@rediff.com,conference,62-(887)394-7727,4,graduate,2
629,Ernst,Everill,eeverillhg@w3.org,practice,351-(876)166-4791,5,student,3
630,Querida,O'Spillane,qospillanehh@independent.co.uk,internship,48-(356)781-9866,1,graduate,1
631,Fayina,Witcomb,fwitcombhi@rakuten.co.jp,conference,81-(462)409-3106,2,master,2
632,Gertrud,Pawnsford,gpawnsfordhj@illinois.edu,conference,86-(452)345-8576,3,graduate,3
633,Ellis,Vlach,evlachhk@illinois.edu,conference,972-(949)128-0980,4,master,1
634,Georgianne,Coull,gcoullhl@cafepress.com,practice,370-(756)502-6770,5,student,2
635,Virgil,Fitzroy,vfitzroyhm@umn.edu,conference,86-(444)267-8329,1,student,3
636,Bonita,Rodson,brodsonhn@ehow.com,internship,237-(684)907-5402,2,freelancer,1
637,Erminie,Cuffley,ecuffleyho@histats.com,internship,86-(457)802-4216,3,master,2
638,Sadye,Durston,sdurstonhp@webs.com,internship,62-(733)696-6377,4,master,3
639,Lane,Swatheridge,lswatheridgehq@ft.com,practice,84-(541)302-4623,5,freelancer,1
640,Nelia,Cumbers,ncumbershr@dailymail.co.uk,internship,45-(593)995-2752,1,student,2
641,Enoch,Killock,ekillockhs@pagesperso-orange.fr,conference,86-(762)313-5810,2,graduate,3
642,Alina,Gierck,agierckht@ox.ac.uk,conference,63-(953)840-9070,3,graduate,1
643,Tiena,Thon,tthonhu@163.com,conference,58-(694)111-7336,4,master,2
644,Lance,Pipping,lpippinghv@themeforest.net,practice,86-(351)979-5388,5,freelancer,3
645,Sig,Oldacres,soldacreshw@amazon.co.uk,practice,976-(997)818-4930,1,graduate,1
646,Halsy,Mizzi,hmizzihx@mtv.com,conference,86-(122)340-2533,2,student,2
647,Nerta,Graalmans,ngraalmanshy@youtu.be,practice,55-(122)108-8927,3,freelancer,3
648,Pietra,Dilgarno,pdilgarnohz@sourceforge.net,internship,55-(554)521-1662,4,master,1
649,Ysabel,Philipsson,yphilipssoni0@indiegogo.com,practice,385-(735)528-6089,5,master,2
650,Rik,McIndrew,rmcindrewi1@whitehouse.gov,conference,46-(641)427-4988,1,master,3
651,Brianne,Veschambes,bveschambesi2@so-net.ne.jp,practice,63-(740)439-4112,2,freelancer,1
652,Natalie,Brookshaw,nbrookshawi3@behance.net,practice,52-(875)880-9232,3,freelancer,2
653,Buck,Fussen,bfusseni4@va.gov,practice,62-(263)860-1160,4,graduate,3
654,Malinda,Kordt,mkordti5@about.com,internship,86-(435)834-2223,5,student,1
655,Beniamino,Shimon,bshimoni6@reverbnation.com,internship,84-(445)381-9281,1,master,2
656,Lisa,Hadigate,lhadigatei7@free.fr,internship,62-(582)561-4306,2,student,3
657,Matthaeus,Quesne,mquesnei8@abc.net.au,internship,55-(122)868-5908,3,freelancer,1
658,Raquel,Andrioni,randrionii9@hud.gov,internship,63-(247)515-0770,4,freelancer,2
659,Katharyn,Sirkett,ksirkettia@google.co.uk,conference,57-(831)141-2106,5,student,3
660,Stan,Calf,scalfib@statcounter.com,practice,420-(656)200-2194,1,student,1
661,Pall,Garnson,pgarnsonic@wunderground.com,practice,351-(721)656-1526,2,student,2
662,Edik,Budleigh,ebudleighid@npr.org,internship,351-(403)702-6677,3,student,3
663,Harland,Putton,hputtonie@boston.com,conference,359-(519)377-4901,4,master,1
664,Aridatha,Pachta,apachtaif@fotki.com,practice,503-(877)927-5248,5,master,2
665,Evangelina,Stelljes,estelljesig@godaddy.com,internship,62-(378)475-6312,1,master,3
666,Ashla,Fairnington,afairningtonih@creativecommons.org,internship,62-(528)374-9773,2,graduate,1
667,Alfy,Ternault,aternaultii@usgs.gov,conference,86-(414)305-3700,3,student,2
668,Whitby,Lill,wlillij@usa.gov,conference,86-(281)598-9202,4,master,3
669,Demetre,Bagot,dbagotik@whitehouse.gov,conference,86-(169)323-4457,5,freelancer,1
670,Darcy,Halling,dhallingil@businessweek.com,internship,86-(593)749-8705,1,freelancer,2
671,Dorisa,Baudoux,dbaudouxim@narod.ru,conference,86-(408)745-3951,2,student,3
672,Benson,Hamshaw,bhamshawin@java.com,conference,62-(360)457-6907,3,student,1
673,Garnet,Edgehill,gedgehillio@yellowpages.com,internship,964-(321)984-3927,4,graduate,2
674,Ethan,Laing,elaingip@hexun.com,conference,57-(425)760-9501,5,freelancer,3
675,Sollie,Klimp,sklimpiq@360.cn,conference,63-(421)758-1208,1,master,1
676,Austin,Alan,aalanir@ed.gov,practice,92-(335)524-5107,2,master,2
677,Dicky,Graben,dgrabenis@cafepress.com,conference,93-(292)777-3258,3,freelancer,3
678,Roseanne,Boog,rboogit@thetimes.co.uk,practice,86-(646)782-0209,4,graduate,1
679,Eli,Kleinerman,ekleinermaniu@netvibes.com,internship,55-(168)236-1681,5,graduate,2
680,Franzen,Presdie,fpresdieiv@ask.com,practice,55-(619)226-8356,1,freelancer,3
681,Stormi,Stannion,sstannioniw@1und1.de,conference,1-(928)805-2164,2,student,1
682,Tamarah,Pentony,tpentonyix@exblog.jp,conference,504-(797)225-4686,3,master,2
683,Rosie,Varker,rvarkeriy@wp.com,practice,57-(573)822-6127,4,freelancer,3
684,Yolanda,Hovee,yhoveeiz@umich.edu,internship,33-(912)209-6703,5,master,1
685,Tremain,Treagus,ttreagusj0@phpbb.com,internship,98-(226)304-6346,1,graduate,2
686,Sophi,Balcon,sbalconj1@reddit.com,practice,7-(899)479-5567,2,graduate,3
687,Ardelle,Peare,apearej2@goo.gl,practice,63-(951)185-1559,3,freelancer,1
688,Misha,Coutthart,mcoutthartj3@washingtonpost.com,practice,7-(198)304-4556,4,graduate,2
689,Rodge,Bartlett,rbartlettj4@ucla.edu,practice,57-(989)533-8441,5,freelancer,3
690,Sheila,Seeviour,sseeviourj5@comcast.net,internship,66-(716)340-4262,1,graduate,1
691,Gardy,Sonier,gsonierj6@squarespace.com,practice,62-(855)278-9967,2,student,2
692,Jodi,Hannon,jhannonj7@eventbrite.com,conference,971-(484)195-6837,3,student,3
693,Siegfried,Jaime,sjaimej8@paypal.com,internship,55-(176)284-8239,4,student,1
694,Anita,Cockerill,acockerillj9@wordpress.com,internship,255-(915)492-9631,5,student,2
695,Husain,Kosiada,hkosiadaja@wikispaces.com,internship,7-(315)588-1731,1,student,3
696,Cort,Chaston,cchastonjb@nymag.com,internship,86-(293)776-6816,2,graduate,1
697,Grant,Bettles,gbettlesjc@prweb.com,practice,86-(233)836-8660,3,master,2
698,Stafford,Matanin,smataninjd@google.it,internship,86-(133)697-4162,4,freelancer,3
699,Cara,Domke,cdomkeje@spiegel.de,practice,62-(611)180-0711,5,freelancer,1
700,Corette,Speakman,cspeakmanjf@blog.com,internship,351-(639)161-5152,1,master,2
701,Kirsten,Vase,kvasejg@oakley.com,practice,220-(496)994-3892,2,master,3
702,Carlota,Darbishire,cdarbishirejh@networksolutions.com,conference,86-(649)110-0231,3,graduate,1
703,Bronny,O'Lunny,bolunnyji@liveinternet.ru,internship,7-(697)927-8991,4,freelancer,2
704,Shari,Cuer,scuerjj@nba.com,internship,62-(737)776-5688,5,graduate,3
705,Tarah,Jarrel,tjarreljk@cdc.gov,conference,31-(578)916-4207,1,graduate,1
706,Marianne,Bancroft,mbancroftjl@naver.com,conference,260-(562)943-2535,2,student,2
707,Perri,Josovich,pjosovichjm@engadget.com,internship,1-(597)851-7611,3,student,3
708,Georges,Tremble,gtremblejn@paginegialle.it,internship,507-(549)827-0125,4,master,1
709,Keene,Niblett,kniblettjo@nbcnews.com,conference,86-(927)762-4252,5,student,2
710,Kyle,Schule,kschulejp@nymag.com,practice,52-(588)658-2616,1,graduate,3
711,Pat,Golsworthy,pgolsworthyjq@studiopress.com,conference,380-(850)169-5199,2,graduate,1
712,Rosabelle,Korn,rkornjr@unblog.fr,practice,20-(434)446-3319,3,master,2
713,Shellysheldon,Gooderham,sgooderhamjs@ezinearticles.com,internship,355-(249)536-2334,4,freelancer,3
714,Dill,Dodman,ddodmanjt@accuweather.com,conference,52-(178)264-5571,5,freelancer,1
715,Debi,Synnott,dsynnottju@cnbc.com,internship,46-(722)531-3145,1,master,2
716,Vallie,Taaffe,vtaaffejv@github.io,practice,60-(978)852-3599,2,freelancer,3
717,Shawn,Mabbitt,smabbittjw@weebly.com,practice,86-(974)600-5853,3,student,1
718,Floris,Klageman,fklagemanjx@1und1.de,conference,62-(737)537-5929,4,master,2
719,Chanda,Gilbride,cgilbridejy@ebay.com,practice,86-(399)852-8205,5,master,3
720,Dione,Mandrey,dmandreyjz@amazon.com,practice,507-(462)440-2700,1,master,1
721,Albie,Runacres,arunacresk0@ucoz.com,internship,47-(338)596-9287,2,student,2
722,Mersey,Brahan,mbrahank1@google.es,practice,970-(211)736-5169,3,freelancer,3
723,Sonja,Spawton,sspawtonk2@timesonline.co.uk,internship,62-(156)444-1149,4,graduate,1
724,Patti,Parrington,pparringtonk3@facebook.com,internship,86-(170)183-6868,5,master,2
725,Francoise,Fleeman,ffleemank4@feedburner.com,conference,86-(190)942-3074,1,graduate,3
726,Tracy,O'Cahsedy,tocahsedyk5@mayoclinic.com,practice,48-(520)136-9048,2,student,1
727,Ilyssa,Melmore,imelmorek6@sohu.com,conference,86-(489)479-2318,3,freelancer,2
728,Morris,Fontelles,mfontellesk7@gnu.org,conference,359-(739)771-8152,4,master,3
729,Upton,Labitt,ulabittk8@dot.gov,practice,52-(975)373-6234,5,student,1
730,Sheelagh,Eginton,segintonk9@wikipedia.org,internship,1-(978)377-0211,1,student,2
731,Rafe,Anselm,ranselmka@studiopress.com,conference,84-(705)486-0123,2,graduate,3
732,Grenville,Buscombe,gbuscombekb@tiny.cc,practice,48-(902)528-3446,3,master,1
733,Elisabet,Watters,ewatterskc@bandcamp.com,conference,48-(813)911-4578,4,freelancer,2
734,Arlen,Tommeo,atommeokd@networksolutions.com,internship,351-(558)225-4168,5,graduate,3
735,Fernando,Grahlman,fgrahlmanke@oaic.gov.au,practice,507-(130)387-2041,1,graduate,1
736,Michele,Mushet,mmushetkf@hhs.gov,internship,20-(571)539-9180,2,graduate,2
737,Denna,Arendt,darendtkg@usnews.com,internship,86-(410)381-6299,3,freelancer,3
738,Mickie,Yantsurev,myantsurevkh@bbb.org,practice,420-(373)877-2809,4,student,1
739,Eilis,Ocklin,eocklinki@reuters.com,conference,351-(296)486-6423,5,freelancer,2
740,Glyn,Haucke,ghauckekj@blogtalkradio.com,internship,93-(179)616-1072,1,freelancer,3
741,Hazel,Figures,hfigureskk@hugedomains.com,internship,60-(720)637-0724,2,graduate,1
742,Flory,Hallows,fhallowskl@netvibes.com,internship,593-(580)765-9689,3,student,2
743,Betta,Dennett,bdennettkm@nature.com,conference,351-(203)119-0124,4,student,3
744,Ring,MacAllen,rmacallenkn@jalbum.net,practice,86-(543)234-2762,5,graduate,1
745,Lyndsie,Dacre,ldacreko@umich.edu,conference,54-(686)817-9911,1,student,2
746,Jenna,Louedey,jlouedeykp@weibo.com,practice,62-(545)896-9323,2,student,3
747,Herbie,Handes,hhandeskq@bigcartel.com,practice,63-(954)109-3067,3,graduate,1
748,Humberto,Syred,hsyredkr@technorati.com,practice,421-(157)887-0461,4,master,2
749,Joell,Godbald,jgodbaldks@goodreads.com,internship,63-(952)293-3350,5,graduate,3
750,Ronnie,Battman,rbattmankt@163.com,internship,86-(825)975-3220,1,freelancer,1
751,Jany,McCaughan,jmccaughanku@mac.com,practice,7-(416)763-7932,2,master,2
752,Marwin,Ham,mhamkv@elegantthemes.com,internship,380-(443)882-9044,3,freelancer,3
753,Blaine,Nelane,bnelanekw@netvibes.com,internship,593-(961)540-9259,4,student,1
754,Timmie,Magee,tmageekx@usda.gov,practice,58-(661)573-9238,5,freelancer,2
755,Alec,Caldow,acaldowky@amazon.co.uk,practice,86-(439)371-3613,1,master,3
756,Lissie,Wolvey,lwolveykz@sciencedirect.com,conference,52-(966)887-6748,2,freelancer,1
757,Erinna,Riche,erichel0@ocn.ne.jp,internship,55-(694)415-1655,3,master,2
758,Wilhelmine,Nutton,wnuttonl1@tuttocitta.it,conference,56-(278)480-0235,4,master,3
759,Efrem,Roe,eroel2@facebook.com,internship,1-(400)874-4756,5,graduate,1
760,Bianca,Maidstone,bmaidstonel3@omniture.com,internship,51-(727)468-5399,1,freelancer,2
761,Renate,Tilbey,rtilbeyl4@flavors.me,internship,48-(347)967-3888,2,graduate,3
762,Jeffry,Idill,jidilll5@meetup.com,conference,7-(250)145-3355,3,graduate,1
763,Cass,Bellenger,cbellengerl6@rambler.ru,conference,970-(954)923-9810,4,graduate,2
764,Brigit,Ettritch,bettritchl7@bloomberg.com,conference,62-(575)772-9836,5,master,3
765,Godfrey,Yakovlev,gyakovlevl8@bizjournals.com,practice,1-(622)217-4925,1,graduate,1
766,Nicoli,Padbury,npadburyl9@studiopress.com,conference,86-(349)550-8304,2,freelancer,2
767,Gladys,Rosenfarb,grosenfarbla@vimeo.com,internship,86-(324)473-8765,3,student,3
768,Marlena,Clyma,mclymalb@parallels.com,practice,7-(882)179-5968,4,student,1
769,Jillie,Fairrie,jfairrielc@goodreads.com,internship,62-(485)315-5550,5,graduate,2
770,Lemar,Haw,lhawld@zdnet.com,practice,86-(610)499-3656,1,freelancer,3
771,Dael,Lackmann,dlackmannle@dedecms.com,conference,54-(230)222-3124,2,student,1
772,Charlean,Ekins,cekinslf@paypal.com,internship,7-(226)919-7481,3,graduate,2
773,Carter,Danilowicz,cdanilowiczlg@vimeo.com,internship,46-(134)734-1409,4,student,3
774,Jamison,Goodday,jgooddaylh@sphinn.com,practice,57-(602)880-5143,5,student,1
775,Florina,Gino,fginoli@telegraph.co.uk,internship,27-(165)877-8061,1,student,2
776,Christos,Schuck,cschucklj@yellowpages.com,conference,387-(268)773-2480,2,graduate,3
777,Malchy,Toffalo,mtoffalolk@joomla.org,practice,62-(190)333-6877,3,freelancer,1
778,Nanon,Johantges,njohantgesll@senate.gov,conference,1-(630)761-8505,4,freelancer,2
779,Pablo,Gosforth,pgosforthlm@google.it,practice,63-(261)125-4657,5,freelancer,3
780,Leyla,Niland,lnilandln@opera.com,conference,63-(541)459-3093,1,freelancer,1
781,Merna,Downey,mdowneylo@pen.io,practice,63-(390)907-4219,2,graduate,2
782,Patton,Teodori,pteodorilp@google.ca,internship,420-(137)508-9196,3,student,3
783,Gabrielle,Ends,gendslq@nyu.edu,practice,52-(275)942-9995,4,master,1
784,Nikolas,Glauber,nglauberlr@163.com,practice,420-(186)924-2527,5,graduate,2
785,Franklin,Sephton,fsephtonls@storify.com,conference,86-(568)242-3144,1,freelancer,3
786,Brynna,Coulthard,bcoulthardlt@vk.com,internship,98-(165)880-1323,2,freelancer,1
787,Elsbeth,Richter,erichterlu@webeden.co.uk,practice,62-(344)414-2023,3,graduate,2
788,Skipton,McCulley,smcculleylv@shutterfly.com,practice,1-(304)889-1813,4,student,3
789,Inger,Postin,ipostinlw@scribd.com,conference,86-(672)297-6014,5,student,1
790,Kerk,Portis,kportislx@va.gov,conference,86-(298)658-2314,1,freelancer,2
791,Alphard,Haliburton,ahaliburtonly@dmoz.org,conference,33-(919)331-6557,2,graduate,3
792,Lilli,Scholar,lscholarlz@tmall.com,conference,86-(982)666-7404,3,freelancer,1
793,Glori,Atwood,gatwoodm0@ebay.co.uk,practice,51-(795)178-9072,4,student,2
794,Atlante,Humphries,ahumphriesm1@paginegialle.it,internship,46-(728)665-7474,5,freelancer,3
795,Ekaterina,Schimek,eschimekm2@stanford.edu,conference,46-(101)150-4624,1,freelancer,1
796,Riccardo,Breese,rbreesem3@mayoclinic.com,internship,48-(955)549-9167,2,freelancer,2
797,Leandra,Garvin,lgarvinm4@histats.com,internship,86-(752)957-0690,3,master,3
798,Ivett,Flint,iflintm5@salon.com,conference,30-(363)566-3443,4,master,1
799,Reidar,McKiddin,rmckiddinm6@businessweek.com,conference,86-(834)893-9289,5,master,2
800,Bernetta,March,bmarchm7@senate.gov,practice,995-(872)331-0773,1,freelancer,3
801,Terra,Libbe,tlibbem8@imgur.com,internship,51-(817)392-4233,2,graduate,1
802,Sal,Stivey,sstiveym9@1und1.de,internship,355-(870)700-4862,3,freelancer,2
803,Sheri,Arnaud,sarnaudma@shinystat.com,practice,380-(223)334-3916,4,student,3
804,Ramsey,Absolon,rabsolonmb@jiathis.com,practice,62-(116)478-0525,5,freelancer,1
805,Fae,Cotterel,fcotterelmc@flickr.com,practice,504-(196)476-5303,1,master,2
806,Ruby,Bohlmann,rbohlmannmd@list-manage.com,internship,86-(538)423-0231,2,master,3
807,Guthry,Weymont,gweymontme@seesaa.net,internship,55-(967)915-3813,3,student,1
808,Aldin,Wagenen,awagenenmf@printfriendly.com,practice,62-(426)815-1336,4,student,2
809,Germana,Catterell,gcatterellmg@seattletimes.com,practice,30-(440)574-7352,5,freelancer,3
810,Tris,Fiander,tfiandermh@ning.com,practice,7-(688)419-8041,1,student,1
811,Reena,Jubert,rjubertmi@cafepress.com,internship,86-(330)248-9824,2,student,2
812,Dasya,Ridges,dridgesmj@opensource.org,conference,86-(313)702-3702,3,freelancer,3
813,Gerry,Jankowski,gjankowskimk@networkadvertising.org,practice,86-(460)192-2538,4,graduate,1
814,Noam,Stickley,nstickleyml@sbwire.com,conference,86-(295)529-6241,5,graduate,2
815,Danita,Roswarne,droswarnemm@mapquest.com,conference,63-(684)426-0526,1,graduate,3
816,Midge,Dulling,mdullingmn@toplist.cz,conference,62-(219)161-3051,2,freelancer,1
817,Freida,Royson,froysonmo@howstuffworks.com,conference,33-(767)656-8356,3,freelancer,2
818,Beryl,Cashmore,bcashmoremp@theglobeandmail.com,practice,52-(736)993-0334,4,master,3
819,Nariko,Fehners,nfehnersmq@epa.gov,internship,506-(358)704-5205,5,student,1
820,Annie,Lilloe,alilloemr@biglobe.ne.jp,practice,98-(689)224-9924,1,master,2
821,Lyndel,Douty,ldoutyms@earthlink.net,practice,54-(424)216-9162,2,graduate,3
822,Noelani,Ionesco,nionescomt@si.edu,conference,63-(101)447-3115,3,graduate,1
823,Margarete,Barff,mbarffmu@weather.com,practice,63-(965)696-4095,4,student,2
824,Carlina,Ormerod,cormerodmv@cdbaby.com,internship,62-(730)690-0415,5,freelancer,3
825,Henka,Lau,hlaumw@cdc.gov,conference,60-(757)464-1727,1,master,1
826,Stephen,Humphery,shumpherymx@mysql.com,practice,7-(372)653-4136,2,master,2
827,Willem,Housden,whousdenmy@ovh.net,practice,86-(175)325-7061,3,freelancer,3
828,Malachi,Smoote,msmootemz@is.gd,practice,55-(467)989-0081,4,student,1
829,Killian,Websdale,kwebsdalen0@narod.ru,internship,351-(122)843-6655,5,freelancer,2
830,Angy,Presdie,apresdien1@clickbank.net,internship,86-(737)202-7908,1,master,3
831,Minne,Renfield,mrenfieldn2@t.co,practice,598-(681)681-0207,2,graduate,1
832,Cly,Quaife,cquaifen3@nih.gov,conference,33-(607)236-0643,3,master,2
833,Oliy,MacTerlagh,omacterlaghn4@domainmarket.com,internship,86-(960)255-1751,4,master,3
834,Muhammad,Marquand,mmarquandn5@nba.com,practice,63-(766)945-2212,5,graduate,1
835,Romola,Challenor,rchallenorn6@cam.ac.uk,practice,62-(762)507-1595,1,master,2
836,Nora,Prestney,nprestneyn7@admin.ch,practice,359-(775)542-5927,2,student,3
837,Ulrikaumeko,Perrat,uperratn8@answers.com,internship,86-(789)572-0404,3,master,1
838,Dukie,Filipczak,dfilipczakn9@arizona.edu,practice,86-(760)682-6039,4,student,2
839,Arline,Bartolacci,abartolaccina@goodreads.com,practice,880-(928)877-3120,5,freelancer,3
840,Ashleigh,Trinke,atrinkenb@cornell.edu,internship,55-(504)746-6561,1,graduate,1
841,Di,Sarah,dsarahnc@paginegialle.it,practice,46-(498)597-4840,2,graduate,2
842,Corinna,Sewall,csewallnd@marriott.com,practice,7-(117)676-0473,3,freelancer,3
843,Norina,Vasnev,nvasnevne@bloomberg.com,conference,7-(715)922-7054,4,master,1
844,Nert,Ortiger,nortigernf@oakley.com,conference,62-(626)727-5695,5,freelancer,2
845,Nevil,Meran,nmeranng@thetimes.co.uk,conference,39-(524)878-8876,1,student,3
846,Alta,Jope,ajopenh@ed.gov,practice,1-(624)386-9013,2,student,1
847,Avivah,Fowlie,afowlieni@instagram.com,practice,380-(512)788-9937,3,freelancer,2
848,Winny,Arundell,warundellnj@oaic.gov.au,conference,86-(120)337-9040,4,freelancer,3
849,Vania,Carnduff,vcarnduffnk@microsoft.com,practice,86-(376)149-2416,5,freelancer,1
850,Stefania,Gillis,sgillisnl@gravatar.com,conference,86-(584)560-8265,1,graduate,2
851,Catharine,Parkhouse,cparkhousenm@dion.ne.jp,practice,66-(755)330-9931,2,graduate,3
852,Franz,Tayt,ftaytnn@nyu.edu,conference,86-(344)314-9169,3,freelancer,1
853,Lyndsey,Gaskamp,lgaskampno@pagesperso-orange.fr,practice,880-(337)479-5222,4,freelancer,2
854,Meta,Storror,mstorrornp@angelfire.com,practice,62-(314)723-3571,5,master,3
855,Roddie,Shakespear,rshakespearnq@mozilla.com,practice,381-(505)441-3378,1,master,1
856,Urbain,Bour,ubournr@nature.com,conference,48-(993)177-3638,2,graduate,2
857,Lynette,Gouldthorp,lgouldthorpns@edublogs.org,practice,31-(909)651-4465,3,student,3
858,Ode,Fishburn,ofishburnnt@nymag.com,practice,1-(727)533-0858,4,student,1
859,Penny,Chue,pchuenu@meetup.com,internship,86-(795)188-1812,5,student,2
860,Mellicent,Swindley,mswindleynv@reuters.com,practice,62-(374)270-5334,1,graduate,3
861,Naomi,Gatiss,ngatissnw@taobao.com,internship,7-(528)470-5970,2,student,1
862,Alis,Pietranek,apietraneknx@altervista.org,internship,48-(155)296-0039,3,master,2
863,Faustina,Coda,fcodany@noaa.gov,conference,224-(739)878-9162,4,master,3
864,Dorie,Milillo,dmilillonz@irs.gov,conference,86-(761)605-5069,5,student,1
865,Nerti,Pate,npateo0@vinaora.com,internship,92-(598)531-3344,1,student,2
866,Ikey,Cranson,icransono1@google.co.uk,conference,86-(517)558-4846,2,master,3
867,Bryce,Blacklidge,bblacklidgeo2@mac.com,conference,62-(359)290-9147,3,graduate,1
868,Donal,Jamme,djammeo3@discovery.com,practice,55-(490)544-1223,4,freelancer,2
869,Jarad,Kerry,jkerryo4@washingtonpost.com,internship,381-(188)273-4699,5,freelancer,3
870,Anallese,Mendonca,amendoncao5@360.cn,practice,86-(589)682-2682,1,freelancer,1
871,Ches,Gopsell,cgopsello6@dmoz.org,conference,964-(223)592-2397,2,master,2
872,Orin,Dunkerk,odunkerko7@feedburner.com,conference,54-(156)736-7182,3,student,3
873,Ivette,Lenoir,ilenoiro8@google.it,practice,7-(876)745-6552,4,master,1
874,Art,Klain,aklaino9@accuweather.com,conference,33-(719)331-2211,5,master,2
875,Janaya,Keepe,jkeepeoa@diigo.com,conference,63-(514)575-0537,1,student,3
876,Nefen,Getcliff,ngetcliffob@hibu.com,practice,86-(778)688-9376,2,master,1
877,Maryjane,Purkiss,mpurkissoc@theguardian.com,practice,692-(532)703-3896,3,master,2
878,Lucita,Patel,lpatelod@ibm.com,internship,86-(681)353-8994,4,freelancer,3
879,Derward,Garwill,dgarwilloe@unicef.org,practice,46-(984)579-5297,5,master,1
880,Burch,Charsley,bcharsleyof@wix.com,practice,46-(546)135-6035,1,student,2
881,Willi,Bearcroft,wbearcroftog@last.fm,conference,62-(336)769-7023,2,master,3
882,Bree,Pentony,bpentonyoh@loc.gov,conference,46-(258)273-3411,3,freelancer,1
883,Garnet,Gornall,ggornalloi@mediafire.com,practice,30-(516)561-3647,4,master,2
884,Pauli,Gately,pgatelyoj@rakuten.co.jp,conference,57-(651)454-5671,5,freelancer,3
885,Ashley,Cockings,acockingsok@technorati.com,internship,992-(691)975-9461,1,student,1
886,Tallie,Flacknell,tflacknellol@cpanel.net,internship,33-(102)459-8759,2,graduate,2
887,Tully,Sobieski,tsobieskiom@tripadvisor.com,internship,33-(596)251-2119,3,master,3
888,Bill,Blackleech,bblackleechon@toplist.cz,internship,1-(502)390-3438,4,student,1
889,Grant,Birtwhistle,gbirtwhistleoo@shop-pro.jp,internship,52-(982)311-7074,5,student,2
890,Franciskus,Matonin,fmatoninop@studiopress.com,practice,420-(463)396-5980,1,master,3
891,Nestor,Raft,nraftoq@thetimes.co.uk,practice,86-(561)621-4086,2,graduate,1
892,Damita,Coxwell,dcoxwellor@techcrunch.com,practice,86-(172)663-1676,3,master,2
893,Ezechiel,Probert,eprobertos@addtoany.com,practice,33-(450)613-9171,4,student,3
894,Wittie,Borgne,wborgneot@smugmug.com,conference,62-(482)322-7885,5,student,1
895,Vernor,Sorsby,vsorsbyou@nhs.uk,conference,55-(161)183-2131,1,freelancer,2
896,Reggi,Cleveley,rcleveleyov@who.int,conference,62-(222)946-5202,2,graduate,3
897,Sander,Broadhead,sbroadheadow@psu.edu,internship,49-(356)379-2514,3,graduate,1
898,Shaine,Poynor,spoynorox@ibm.com,internship,86-(409)273-5094,4,freelancer,2
899,Rusty,Lowes,rlowesoy@buzzfeed.com,conference,54-(411)122-0287,5,freelancer,3
900,Vere,Alden,valdenoz@ucoz.com,practice,358-(141)633-6740,1,freelancer,1
901,Tobiah,Elstone,telstonep0@vinaora.com,conference,31-(334)887-7180,2,graduate,2
902,Jane,Meriguet,jmeriguetp1@mapquest.com,conference,7-(545)367-0179,3,freelancer,3
903,Omar,Ricioppo,oricioppop2@ebay.com,practice,63-(637)880-4491,4,master,1
904,George,Wakley,gwakleyp3@cam.ac.uk,internship,81-(351)571-5267,5,master,2
905,Aubry,Espadero,aespaderop4@macromedia.com,conference,261-(529)566-6034,1,student,3
906,Dwain,Malek,dmalekp5@disqus.com,conference,351-(824)174-0761,2,freelancer,1
907,Hershel,Perrigo,hperrigop6@msn.com,practice,385-(896)858-4498,3,master,2
908,Ellary,Newcome,enewcomep7@nature.com,practice,57-(606)646-0503,4,student,3
909,Dan,Duchesne,dduchesnep8@noaa.gov,practice,7-(777)616-7844,5,graduate,1
910,Ruthy,Karslake,rkarslakep9@mapy.cz,internship,359-(108)638-3349,1,freelancer,2
911,Broderic,Sustins,bsustinspa@ftc.gov,conference,81-(139)775-7908,2,freelancer,3
912,Elwood,Cissen,ecissenpb@howstuffworks.com,conference,27-(655)384-0525,3,master,1
913,Ros,Klaiser,rklaiserpc@unc.edu,conference,7-(974)122-7807,4,graduate,2
914,Stanley,Malitrott,smalitrottpd@vinaora.com,practice,227-(400)231-7031,5,graduate,3
915,Rosina,McGlashan,rmcglashanpe@icq.com,practice,86-(724)312-2926,1,graduate,1
916,Sissy,Minichillo,sminichillopf@cisco.com,conference,63-(964)450-3373,2,student,2
917,Worth,Fieldgate,wfieldgatepg@t.co,conference,263-(615)624-6258,3,student,3
918,Harvey,Danielski,hdanielskiph@constantcontact.com,conference,7-(708)973-7432,4,graduate,1
919,Quentin,Olijve,qolijvepi@dailymail.co.uk,internship,86-(684)925-8160,5,master,2
920,Stirling,Cant,scantpj@adobe.com,internship,224-(179)284-6601,1,master,3
921,Odelia,Oakly,ooaklypk@ask.com,internship,86-(936)519-1029,2,student,1
922,Carolynn,Attock,cattockpl@who.int,practice,358-(410)258-2803,3,master,2
923,Isis,Orpwood,iorpwoodpm@icio.us,practice,1-(362)878-7574,4,graduate,3
924,Ganny,Bruinemann,gbruinemannpn@ucsd.edu,conference,1-(229)484-9571,5,freelancer,1
925,Kary,Itzkovich,kitzkovichpo@google.ru,conference,358-(831)583-4292,1,freelancer,2
926,Lucienne,Hearse,lhearsepp@ft.com,conference,62-(282)618-0388,2,freelancer,3
927,Erny,Stobbes,estobbespq@seattletimes.com,internship,86-(372)206-6950,3,master,1
928,Stephannie,Pearch,spearchpr@cdc.gov,conference,7-(695)436-8372,4,master,2
929,Ninetta,Monnelly,nmonnellyps@prnewswire.com,internship,62-(230)899-3354,5,student,3
930,Alister,Josefsohn,ajosefsohnpt@shinystat.com,conference,63-(279)373-3060,1,graduate,1
931,Wilfrid,Fairest,wfairestpu@chronoengine.com,internship,351-(499)403-5696,2,master,2
932,Kermie,Ferentz,kferentzpv@canalblog.com,practice,55-(410)158-5323,3,master,3
933,Jesse,Tregent,jtregentpw@behance.net,internship,55-(517)639-6921,4,master,1
934,Nichols,Tattersall,ntattersallpx@pagesperso-orange.fr,internship,86-(296)838-7331,5,freelancer,2
935,Cecil,Legh,cleghpy@slideshare.net,conference,386-(224)806-7149,1,student,3
936,Ginger,Ludwell,gludwellpz@gizmodo.com,internship,48-(251)520-7089,2,freelancer,1
937,Buffy,Dohr,bdohrq0@hubpages.com,conference,81-(771)240-9994,3,graduate,2
938,Jeffrey,Franzelini,jfranzeliniq1@friendfeed.com,conference,55-(838)254-0670,4,student,3
939,Tricia,Seif,tseifq2@ebay.com,practice,387-(592)608-1148,5,student,1
940,Ettore,Charnley,echarnleyq3@sphinn.com,internship,86-(842)802-3574,1,graduate,2
941,Nessi,Carlesi,ncarlesiq4@shareasale.com,conference,880-(528)645-1107,2,master,3
942,Dorelia,Deeves,ddeevesq5@comcast.net,conference,355-(258)861-1066,3,master,1
943,Kipper,Timlett,ktimlettq6@cbc.ca,conference,63-(973)509-6141,4,graduate,2
944,Gonzalo,Litchfield,glitchfieldq7@blogs.com,practice,380-(526)809-6121,5,student,3
945,Shawnee,Logan,sloganq8@webeden.co.uk,practice,48-(980)378-0021,1,freelancer,1
946,Neil,Ellington,nellingtonq9@wisc.edu,practice,51-(644)341-2971,2,freelancer,2
947,Kaila,Feben,kfebenqa@squidoo.com,conference,370-(957)712-5366,3,freelancer,3
948,Olly,Labro,olabroqb@twitpic.com,practice,60-(496)542-8146,4,master,1
949,Constancia,Mattersey,cmatterseyqc@ow.ly,internship,62-(233)703-7617,5,master,2
950,Fredericka,Swainson,fswainsonqd@cdbaby.com,internship,84-(596)850-3581,1,student,3
951,Anthiathia,Lysons,alysonsqe@t-online.de,internship,502-(677)631-1872,2,master,1
952,Piotr,McEachern,pmceachernqf@woothemes.com,conference,7-(214)503-7126,3,student,2
953,Gusti,Huntall,ghuntallqg@berkeley.edu,practice,62-(202)975-2108,4,master,3
954,Sibbie,Seres,sseresqh@nature.com,practice,1-(438)722-5038,5,freelancer,1
955,Thurston,O'Reilly,toreillyqi@a8.net,internship,46-(152)685-0383,1,student,2
956,Marga,Lodin,mlodinqj@google.nl,conference,62-(120)343-9090,2,graduate,3
957,Hetty,Casella,hcasellaqk@illinois.edu,practice,98-(213)103-5589,3,master,1
958,Bourke,Hufton,bhuftonql@unesco.org,conference,1-(504)429-8753,4,master,2
959,Nydia,Penk,npenkqm@yahoo.co.jp,internship,7-(230)559-1799,5,master,3
960,Moise,Grigoliis,mgrigoliisqn@census.gov,practice,62-(926)397-7751,1,master,1
961,Mattie,Orchard,morchardqo@miitbeian.gov.cn,practice,1-(646)732-1109,2,freelancer,2
962,Claudine,Arnke,carnkeqp@bbc.co.uk,conference,86-(834)819-4598,3,graduate,3
963,Gustavo,Cuskery,gcuskeryqq@4shared.com,practice,420-(183)100-0768,4,student,1
964,Lorant,Liddel,lliddelqr@goo.ne.jp,practice,33-(855)970-9972,5,freelancer,2
965,Anatola,Wrathmell,awrathmellqs@mlb.com,practice,86-(454)225-0001,1,master,3
966,Baird,Lemm,blemmqt@wsj.com,conference,86-(275)725-0486,2,graduate,1
967,Emalia,Paolo,epaoloqu@biglobe.ne.jp,conference,380-(222)611-2813,3,graduate,2
968,Jeanie,MacKonochie,jmackonochieqv@epa.gov,practice,86-(805)846-5289,4,master,3
969,Elspeth,Playfair,eplayfairqw@elpais.com,conference,48-(952)521-0473,5,master,1
970,Melisse,Tedstone,mtedstoneqx@dedecms.com,conference,244-(704)915-2157,1,student,2
971,Joelly,Brindley,jbrindleyqy@shop-pro.jp,internship,86-(958)554-0886,2,student,3
972,Karina,Dundon,kdundonqz@netlog.com,internship,7-(882)672-6602,3,graduate,1
973,Hunfredo,Cuckoo,hcuckoor0@tumblr.com,practice,420-(415)879-6522,4,freelancer,2
974,Feliks,Coopper,fcoopperr1@independent.co.uk,conference,86-(288)640-2762,5,student,3
975,Berte,Gristwood,bgristwoodr2@slate.com,internship,86-(519)208-7450,1,freelancer,1
976,Ario,Readmire,areadmirer3@shinystat.com,internship,94-(726)912-2891,2,student,2
977,Darby,Ruse,druser4@upenn.edu,practice,86-(905)783-0857,3,master,3
978,Yoko,Shah,yshahr5@craigslist.org,conference,33-(174)501-9454,4,graduate,1
979,Lulu,Chaimson,lchaimsonr6@comcast.net,internship,48-(207)240-9666,5,freelancer,2
980,Franny,Sweetnam,fsweetnamr7@gmpg.org,internship,51-(395)294-3409,1,student,3
981,Maegan,Saintpierre,msaintpierrer8@wordpress.org,internship,45-(972)541-6077,2,student,1
982,Vittorio,Queripel,vqueripelr9@ovh.net,practice,48-(111)104-5370,3,master,2
983,Hildegarde,Fader,hfaderra@stumbleupon.com,conference,63-(664)407-8850,4,student,3
984,Llywellyn,Wakeling,lwakelingrb@java.com,practice,62-(422)192-4147,5,graduate,1
985,Haskel,McGrayle,hmcgraylerc@opensource.org,internship,54-(280)909-7228,1,freelancer,2
986,Lana,Jaszczak,ljaszczakrd@posterous.com,practice,7-(993)241-9315,2,graduate,3
987,Glennis,Davitashvili,gdavitashvilire@vistaprint.com,practice,386-(431)663-8926,3,master,1
988,Rufus,Bowles,rbowlesrf@bandcamp.com,conference,86-(404)867-6647,4,master,2
989,Natividad,Langley,nlangleyrg@cpanel.net,conference,55-(502)579-1485,5,master,3
990,Pierson,Grishakov,pgrishakovrh@wired.com,conference,7-(434)575-1693,1,freelancer,1
991,Basilius,Eingerfield,beingerfieldri@slideshare.net,practice,52-(757)580-4059,2,freelancer,2
992,Cleopatra,Paddy,cpaddyrj@posterous.com,conference,81-(591)651-8198,3,graduate,3
993,Maryl,Fleote,mfleoterk@google.nl,conference,7-(512)612-9815,4,student,1
994,Case,Soan,csoanrl@princeton.edu,internship,1-(405)902-8457,5,master,2
995,Ronnica,Glencros,rglencrosrm@163.com,internship,63-(675)499-6412,1,freelancer,3
996,Ernestine,Stithe,estithern@123-reg.co.uk,conference,86-(726)247-0784,2,freelancer,1
997,Peyton,Capelow,pcapelowro@1688.com,practice,62-(474)954-5193,3,graduate,2
998,Grantley,Pollock,gpollockrp@cdbaby.com,conference,86-(682)959-3834,4,freelancer,3
999,Kyle,Deshon,kdeshonrq@businessweek.com,practice,86-(463)175-6705,5,graduate,1
1000,Sollie,Ferry,sferryrr@pinterest.com,internship,55-(772)615-6495,1,freelancer,2
